OBJECTID,ClassName,ClassValue,ORIG_FID,B2,B3,B4,B8,CMRI,EVI,GNDVI,NDVI,NDWI,SAVI,VV,GLCM_Mean,GLCM_Homogeinity,GLCM_Entropy,GLCM_Correlation
1,Water,7,1,0.079599999,0.101400003,0.078500003,0.035100002,-0.867756546,-0.119348802,-0.485714287,-0.382042259,0.127292931,-0.10609518,-21.35258484,6.771428585,1.225714326,2.83272934,0.905703008
2,Water,7,2,0.093999997,0.096799999,0.080399998,0.0294,-0.998553753,-0.158031717,-0.534072876,-0.464480847,0.092550799,-0.125450954,-22.65289307,5.900000095,1.642857194,0.964854002,0.975080371
3,Water,7,3,0.089199997,0.098800004,0.070200004,0.0083,-1.633539677,-0.20348455,-0.845004678,-0.788535058,0.169230759,-0.160501301,-22.04132462,6.857142925,1.299999952,2.226094246,0.964075387
4,Water,7,4,0.092200004,0.104199998,0.083400004,0.018100001,-1.347356319,-0.197400257,-0.704006553,-0.643349767,0.110874169,-0.1628429,-21.72128296,7.557142735,1.591428518,1.365160465,0.981809258
5,Water,7,5,0.076800004,0.093400002,0.0726,0.021199999,-1.177991867,-0.145890102,-0.630017459,-0.547974408,0.125301212,-0.1298417,-21.08753204,9.221428871,1.407142878,1.224401355,0.986210346
6,Water,7,6,0.089400001,0.101899996,0.092600003,0.022299999,-1.252738118,-0.193685263,-0.640901744,-0.611836374,0.047814876,-0.17149131,-26.98000908,0.949999988,1.31571424,2.065029144,0.264550269
7,Water,7,7,0.096000001,0.108999997,0.099600002,0.045600001,-0.781991363,-0.146230504,-0.410090536,-0.371900827,0.045062296,-0.125542477,-21.39723206,8.04285717,1.460000038,1.836355209,0.980485678
8,Water,7,8,0.082800001,0.095600002,0.0832,0.032400001,-0.933196366,-0.139468476,-0.493750006,-0.43944636,0.069351234,-0.123781674,-22.24563599,7.550000191,1.578571439,0.996950865,0.985414088
9,Water,7,9,0.086199999,0.099600002,0.088399999,0.022600001,-1.222907305,-0.181467175,-0.630114555,-0.592792749,0.059574485,-0.161538452,-27.79549217,1.557142854,1.196806669,2.698802471,0.384210527
10,Water,7,10,0.0748,0.092500001,0.074000001,0.0123,-1.480215073,-0.172288626,-0.765267193,-0.714947879,0.111111112,-0.157854348,-23.12762642,7.021428585,1.321428537,1.638919592,0.969714105
11,Water,7,11,0.085699998,0.096100003,0.088200003,0.034400001,-0.911622405,-0.146060705,-0.472796947,-0.438825458,0.042864893,-0.129617736,-22.49700928,5.357142925,1.142857194,3.115080595,0.891696751
12,Water,7,12,0.093999997,0.1052,0.097199999,0.047899999,-0.714030862,-0.133084983,-0.374265194,-0.339765698,0.039525699,-0.114633389,-23.13966179,5.57857132,1.081428528,3.086854219,0.886222601
13,Water,7,13,0.080700003,0.091899998,0.087399997,0.032400001,-0.937779069,-0.144501075,-0.478680581,-0.459098458,0.025097612,-0.133107439,-25.67968369,1.95714283,1.95714283,-0.973041058,0.978102207
14,Water,7,14,0.095399998,0.1074,0.092900001,0.0167,-1.426117659,-0.221872821,-0.7308622,-0.695255458,0.072391413,-0.1875,-24.39998627,2.349999905,1.587142825,1.370514035,0.85587585
15,Water,7,15,0.088,0.097800002,0.089400001,0.0272,-1.098247647,-0.172089413,-0.564800024,-0.533447683,0.044871796,-0.151313663,-24.08490372,2.757142782,1.460000038,1.409430027,0.870860934
16,Water,7,16,0.0647,0.077799998,0.0568,0.0288,-0.786765099,-0.079154186,-0.459662288,-0.32710281,0.15601781,-0.071721315,-18.79357529,12.4285717,1.246459961,2.846640587,0.917866945
17,Water,7,17,0.091799997,0.103799999,0.091200002,0.0264,-1.145490408,-0.183030158,-0.594470024,-0.551020443,0.064615369,-0.157383427,-21.77625656,9.050000191,1.450000048,1.370710611,0.986730993
18,Water,7,18,0.096500002,0.1052,0.086000003,0.020400001,-1.291700602,-0.2018089,-0.675159216,-0.616541326,0.100418396,-0.16226913,-27.73571777,0.592857122,1.481428623,1.194126606,0.08421053
19,Water,7,19,0.099600002,0.103799999,0.092200004,0.023800001,-1.216614366,-0.20602411,-0.626959264,-0.589655161,0.05918365,-0.166558444,-24.29912949,2.807142973,1.507142901,1.310871601,0.888529897
20,Water,7,20,0.093800001,0.109800003,0.099600002,0.032400001,-1.053394675,-0.181327581,-0.544303775,-0.5090909,0.048710607,-0.15949367,-21.04925537,7.385714054,1.185714245,3.274171114,0.947526217
21,Water,7,21,0.072300002,0.080399998,0.0504,0.0057,-1.664387226,-0.145916298,-0.867595792,-0.796791434,0.229357779,-0.120571837,-22.92129898,4.807142735,1.295714259,2.367165089,0.921399891
22,Water,7,22,0.0858,0.102600001,0.086000003,0.025599999,-1.141842723,-0.168132737,-0.600624025,-0.541218638,0.088016957,-0.14813605,-23.68585205,4.864285946,1.144285679,3.697053909,0.881948113
23,Water,7,23,0.093999997,0.101899996,0.096000001,0.0416,-0.815557897,-0.149024755,-0.42020905,-0.395348847,0.029813014,-0.127979919,-19.9134903,8.942856789,1.39142859,1.953488469,0.982080102
24,Water,7,24,0.0832,0.094599999,0.067599997,0.0166,-1.307139516,-0.159734398,-0.701438844,-0.605700731,0.166461185,-0.130948305,-25.68810272,2.950000048,1.387142897,2.093436241,0.825439811
25,Water,7,27,0.0902,0.104599997,0.102799997,0.049199998,-0.712839663,-0.135421932,-0.360208064,-0.352631569,0.008678885,-0.123312883,-21.61414146,8.307143211,1.182268858,3.034023523,0.959489107
26,Water,7,28,0.070200004,0.079400003,0.064400002,0.0054,-1.717913747,-0.170461118,-0.872641504,-0.845272183,0.104311541,-0.155317664,-23.55802155,4.91428566,1.185714245,2.872888803,0.899459481
27,Water,7,29,0.085199997,0.102799997,0.096799999,0.060199998,-0.494470716,-0.091317363,-0.261349678,-0.233121023,0.030060107,-0.083561644,-22.87680817,4.557142735,0.983697474,3.646311998,0.81764704
28,Water,7,30,0.093000002,0.107600003,0.099799998,0.024700001,-1.229819059,-0.202753782,-0.626606226,-0.603212833,0.037608512,-0.180384308,-22.04110336,5.07857132,0.965126038,3.888969183,0.837876618
29,Water,7,31,0.079800002,0.085600004,0.078699999,0.040600002,-0.675939798,-0.104178056,-0.35657686,-0.319362909,0.041996378,-0.092281602,-19.10209274,11.34285736,1.262322068,2.587870836,0.9335832
30,Water,7,32,0.093400002,0.101800002,0.103,0.037099998,-0.936181068,-0.172585383,-0.465802759,-0.470378309,-0.005859365,-0.154429004,-20.55742455,7.949999809,1.00999999,3.646845102,0.934353113
31,Water,7,33,0.0814,0.097400002,0.082199998,0.031800002,-0.949845135,-0.137780204,-0.507739902,-0.442105234,0.084632538,-0.123127028,-23.07022858,7.33571434,1.244285703,2.501288652,0.958728552
32,Water,7,34,0.087200001,0.101400003,0.095600002,0.0272,-1.133986115,-0.180608362,-0.576982915,-0.55700326,0.02944163,-0.164739892,-23.34465408,5.66428566,1.289999962,2.925431967,0.934827745
33,Water,7,35,0.091600001,0.102799997,0.096600004,0.045600001,-0.744094551,-0.13589853,-0.385444731,-0.35864979,0.031093245,-0.119121775,-22.42097282,7.42142868,1.321428537,2.591830254,0.967060626
34,Water,7,36,0.097999997,0.104400001,0.102600001,0.035399999,-0.980518758,-0.183406115,-0.493562251,-0.486956537,0.008695656,-0.157993734,-22.64590073,5.42142868,1.181428552,3.222440958,0.889969051
35,Water,7,37,0.094999999,0.102600001,0.104000002,0.057799999,-0.564839482,-0.119158164,-0.279301763,-0.28553772,-0.006776386,-0.104714423,-20.26219559,8.214285851,1.068571448,3.459085703,0.94520545
36,Water,7,38,0.090800002,0.098399997,0.095600002,0.043699998,-0.757517397,-0.138577387,-0.384940177,-0.37257719,0.014432965,-0.121773824,-24.54391098,3.592857122,1.224285722,2.67501545,0.847555101
37,Water,7,39,0.101300001,0.115599997,0.114799999,0.060199998,-0.627130866,-0.137983322,-0.31513083,-0.312000006,0.003472216,-0.121333338,-25.03593445,2.978571415,1.378571391,1.809834242,0.860366702
38,Water,7,41,0.093000002,0.108599998,0.110200003,0.0638,-0.526527464,-0.112895384,-0.259860784,-0.266666681,-0.007312636,-0.103264101,-24.13082504,3.007142782,1.421428561,1.361376762,0.884779513
39,Water,7,42,0.0832,0.095399998,0.095100001,0.045200001,-0.712707639,-0.125781402,-0.35704124,-0.355666429,0.001574791,-0.116898328,-22.34867096,7.614285946,1.342857122,2.662674427,0.96945107
40,Water,7,43,0.0858,0.099399999,0.098800004,0.063600004,-0.436380625,-0.086879253,-0.219631866,-0.216748759,0.003027221,-0.079710141,-24.84673309,5.050000191,1.155714273,2.555216312,0.877210736
41,Water,7,48,0.092200004,0.108000003,0.107600003,0.0605,-0.562089503,-0.1160556,-0.281899124,-0.280190378,0.001855284,-0.105747648,-24.93729401,2.907142878,1.309999943,1.948977709,0.807965875
42,Water,7,49,0.081200004,0.104400001,0.094800003,0.047400001,-0.708827376,-0.117652901,-0.375494063,-0.333333343,0.048192762,-0.110713176,-26.32597351,0.871428549,1.442857146,1.33533442,0.360655725
43,Water,7,50,0.084200002,0.092200004,0.065899998,0.041200001,-0.612934411,-0.076698542,-0.382308841,-0.230625555,0.166350439,-0.061027829,-22.67598343,8.935714722,1.252857089,2.47362709,0.968788147
44,Water,7,51,0.081,0.096600004,0.069399998,0.0284,-0.964822888,-0.122417286,-0.545599997,-0.419222891,0.163855463,-0.102877207,-21.53733063,7.364285946,1.347142816,2.20010376,0.959105909
45,Water,7,52,0.071800001,0.0788,0.061799999,0.0253,-0.932987452,-0.106401585,-0.51392889,-0.419058561,0.120910391,-0.093254983,-19.28754807,10,2,-1.386294365,1
46,Water,7,53,0.087499999,0.100599997,0.104800001,0.0726,-0.343173534,-0.077022441,-0.161662802,-0.181510717,-0.020447927,-0.071302041,-21.14955902,9.592857361,1.621428609,0.60127157,0.991829813
47,Water,7,54,0.0792,0.0911,0.072700001,0.0307,-0.90208447,-0.120288692,-0.495894909,-0.406189561,0.112332106,-0.104408354,-21.15816498,9.350000381,1.478571415,1.305848718,0.986270368
48,Water,7,55,0.085500002,0.101899996,0.089000002,0.034699999,-0.930912554,-0.146369085,-0.491947293,-0.438965261,0.06757462,-0.130591631,-20.49516296,10,2,-1.386294365,1
49,Water,7,56,0.093800001,0.102200001,0.099100001,0.034200002,-0.985405445,-0.175348535,-0.498533726,-0.486871719,0.015399902,-0.153718621,-22.51992798,7.407142639,1.392857194,1.917082906,0.975311756
50,Water,7,60,0.0594,0.0726,0.0568,0.0458,-0.333563805,-0.029221123,-0.226351351,-0.107212476,0.122102,-0.027381347,-18.5656414,12.05000019,1.157864451,2.925671101,0.849851608
51,Water,7,61,0.093199998,0.107199997,0.115000002,0.0792,-0.334560633,-0.083629236,-0.150214583,-0.18434605,-0.035103533,-0.077355236,-23.07438278,6.257143021,1.251428604,3.085818052,0.940771341
52,Water,7,62,0.0858,0.109200001,0.112599999,0.0858,-0.25508064,-0.059933804,-0.120000005,-0.135080636,-0.015329116,-0.057560135,-23.490448,5.285714149,0.936806738,4.260141373,0.83012259
53,Water,7,63,0.094700001,0.111000001,0.116999999,0.095399998,-0.177276328,-0.049671162,-0.075581409,-0.101694919,-0.026315777,-0.045480069,-24.00292587,5.135714054,0.96714288,4.016693592,0.848400533
54,Water,7,64,0.089900002,0.111199997,0.093699999,0.034899998,-0.97947681,-0.159289166,-0.522245049,-0.45723173,0.08540751,-0.140311807,-24.24480057,4.992856979,1.144285679,3.217403889,0.872877002
55,Water,7,65,0.100400001,0.117600001,0.121200003,0.082800001,-0.361887991,-0.090823084,-0.173652694,-0.188235298,-0.015075382,-0.081818186,-20.05133438,9.32857132,1.454285741,1.497044683,0.980309904
56,Water,7,66,0.092699997,0.108800001,0.1074,0.031599998,-1.095181346,-0.193219468,-0.549857557,-0.54532373,0.006475492,-0.177934274,-22.46301651,6.728571415,1.097983241,3.680124998,0.927985966
57,Water,7,67,0.089400001,0.100199997,0.099299997,0.034899998,-0.963226438,-0.167673409,-0.483345687,-0.47988078,0.00451128,-0.152317882,-22.66055107,6.157142639,0.932268918,4.150516033,0.865295291
58,Water,7,68,0.104800001,0.116400003,0.105999999,0.024900001,-1.267115235,-0.231740773,-0.647558391,-0.619556904,0.046762612,-0.192819774,-21.54441643,7.107142925,1.127142906,3.090717316,0.949527681
59,Water,7,69,0.087800004,0.111599997,0.114600003,0.075000003,-0.405002207,-0.089665793,-0.196141452,-0.208860755,-0.013262627,-0.086136892,-28.50098801,0.25,1.79285717,0.118185908,0.171428576
60,Water,7,71,0.074600004,0.0854,0.0744,0.0436,-0.58504796,-0.082751215,-0.324030995,-0.261016935,0.068836041,-0.074757278,-20.62427139,11.78571415,1.327623487,2.726651192,0.912063539
61,Water,7,72,0.0911,0.108800001,0.107600003,0.073799998,-0.378004402,-0.081551909,-0.191675812,-0.18632859,0.005545277,-0.074405648,-19.24375916,9.87142849,1.871428609,-0.440732509,0.99736768
62,Water,7,73,0.084700003,0.099600002,0.088399999,0.035300002,-0.905913711,-0.142672896,-0.476649374,-0.429264337,0.059574485,-0.127705619,-21.78433609,8.857142448,1.385714293,1.279393315,0.984532356
63,Water,7,74,0.068099998,0.081,0.071800001,0.032200001,-0.811864614,-0.103964292,-0.431095392,-0.380769223,0.06020942,-0.098344371,-19.53718948,10.19285679,1.824285746,-0.15345116,0.994664133
64,Water,7,75,0.092500001,0.107199997,0.098200001,0.0143,-1.510386825,-0.230557844,-0.764609039,-0.745777786,0.043816924,-0.205469385,-23.26033401,6.099999905,1.248571396,2.740140676,0.942419827
65,Water,7,76,0.096600004,0.114799999,0.108999997,0.0374,-0.997612417,-0.185127735,-0.508541405,-0.489071041,0.025916003,-0.166150987,-22.60288239,6.857142925,1.402857184,2.057110071,0.967608929
66,Water,7,79,0.062799998,0.083999999,0.0579,0.020500001,-1.084696293,-0.104247965,-0.607655466,-0.477040797,0.183932334,-0.096991703,-20.80244064,9.82857132,1.828571439,-0.232355535,0.996462286
67,Water,7,80,0.109200001,0.120399997,0.1184,0.037799999,-1.038128972,-0.216853216,-0.522123873,-0.516005158,0.008375195,-0.184242606,-19.245121,10.14999962,1.512857199,1.384368896,0.989971161
68,Water,7,81,0.051399998,0.063199997,0.049800001,0.0504,-0.106688015,0.001556498,-0.112676032,0.005988014,0.118584037,0.001499498,-10.51747513,19.43571472,0.476980001,6.791140556,0.845896661
69,Water,7,82,0.081,0.108000003,0.114,0.085199997,-0.262590796,-0.061978143,-0.118012451,-0.144578338,-0.027027015,-0.061784904,-31.44071388,0,2,-1.386294365,0
70,Water,7,83,0.0748,0.096100003,0.084799998,0.038199998,-0.809986174,-0.118154161,-0.431124389,-0.378861785,0.062465478,-0.112199038,-20.21389961,9.728571892,1.728571415,0.15933466,0.994292557
71,Water,7,84,0.084399998,0.105400003,0.096299998,0.0341,-0.988104999,-0.158851773,-0.51111114,-0.476993859,0.045116533,-0.148001269,-23.10873032,7.564285755,0.998571455,3.900174618,0.921682537
72,Water,7,85,0.108599998,0.1228,0.119999997,0.047400001,-0.876699924,-0.190471187,-0.443008214,-0.43369174,0.011532136,-0.163170502,-21.62063217,7.16428566,1.153697491,3.177402496,0.929939628
73,Water,7,86,0.089599997,0.117200002,0.115800001,0.07,-0.498638362,-0.104776718,-0.252136767,-0.24650161,0.006008589,-0.100174978,-25.07849312,3.478571415,1.132857084,3.178304434,0.770356834
74,Water,7,88,0.084399998,0.110399999,0.115599997,0.076200001,-0.388702035,-0.086646721,-0.183279738,-0.205422297,-0.023008844,-0.085429311,-20.79473114,7.907142639,0.99420166,3.924003363,0.913652539
75,Water,7,89,0.0999,0.118600003,0.119000003,0.064400002,-0.593884766,-0.132633731,-0.296174854,-0.297709912,-0.001683499,-0.119841963,-24.66681671,3.907142878,1.070000052,3.215294123,0.792862713
76,Mudflat,4,90,0.181600004,0.224999994,0.259799987,0.296600014,0.203409493,0.06160444,0.137269974,0.066139519,-0.071782164,0.052252974,-17.42307663,12.12857151,1.888571382,-0.563626945,0.997094691
77,Mudflat,4,91,0.236000001,0.271200001,0.296600014,0.342000008,0.186552897,0.083974533,0.115459889,0.071093,-0.044734083,0.059810285,-15.78576756,12.39285755,1.721428514,0.582512617,0.996387243
78,Mudflat,4,92,0.189799994,0.218600005,0.250800014,0.323599994,0.320396364,0.129546538,0.193655461,0.126740918,-0.068598226,0.101638094,-14.99315262,12.74285698,1.471531987,1.421020031,0.976391494
79,Mudflat,4,93,0.201000005,0.238000005,0.259799987,0.316799998,0.240888536,0.104159079,0.142033145,0.098855384,-0.04379265,0.0794167,-15.7662735,12.20714283,1.807142854,-0.056502301,0.997417986
80,Mudflat,4,94,0.116599999,0.143999994,0.161400005,0.200000003,0.26959759,0.074580722,0.162790731,0.106806852,-0.056974497,0.067216158,-18.523983,11.35000038,1.281428576,2.27972436,0.98478049
81,Mudflat,4,95,0.287400007,0.310400009,0.328399986,0.350400001,0.092942834,0.047198184,0.060532674,0.03241016,-0.028177798,0.02799459,-20.52236557,10.6785717,1.453361392,1.354380488,0.979225576
82,Mudflat,4,96,0.269199997,0.305999994,0.316799998,0.357600003,0.138255924,0.082297899,0.077757701,0.060498226,-0.017341048,0.052111723,-18.22022247,12.80714321,1.030163646,4.12496376,0.928588629
83,Mudflat,4,97,0.269600004,0.291999996,0.313199997,0.34799999,0.140131563,0.072187178,0.087499991,0.052631568,-0.035029743,0.044953488,-18.26704788,10.17142868,1.828571439,-0.232355535,0.996696055
84,Mudflat,4,98,0.291999996,0.314399987,0.336400002,0.357199997,0.093716882,0.043859635,0.063728422,0.029988458,-0.033804573,0.026139403,-20.76162338,8.935714722,1.369288921,2.042546034,0.937594593
85,Mudflat,4,99,0.312400013,0.336400002,0.354400009,0.377200007,0.088339463,0.049112525,0.057174895,0.031164568,-0.026056755,0.027768753,-19.30641937,10.04285717,1.95714283,-0.973041058,0.999150872
86,Mudflat,4,100,0.295399994,0.324400008,0.340799987,0.369199991,0.104590528,0.059240729,0.064590521,0.040000007,-0.02465421,0.035206616,-22.19626236,8.37142849,0.805546224,4.854716301,0.891724408
87,Mudflat,4,101,0.266400009,0.297600001,0.315200001,0.364800006,0.174390465,0.09856917,0.101449281,0.072941184,-0.028720627,0.063050851,-16.35723877,13.52142811,1.298146367,2.790096283,0.889013052
88,Mudflat,4,102,0.287400007,0.316799998,0.334399998,0.374799997,0.140829101,0.082401894,0.083863504,0.056965593,-0.027027028,0.050115779,-16.40792465,12.14285755,1.705714345,0.718873322,0.995564103
89,Mudflat,4,103,0.261799991,0.285400003,0.303000003,0.330000013,0.115127243,0.056986086,0.072473206,0.042654045,-0.029911624,0.035745822,-17.45565033,11.27857113,1.464285731,1.202210665,0.991637886
90,Mudflat,4,104,0.316399992,0.337599993,0.354400009,0.381599993,0.098135591,0.059911851,0.06117909,0.0369565,-0.02427748,0.033009689,-21.44730759,10.22142887,1.538571477,1.752337813,0.987694383
91,Mudflat,4,105,0.2042,0.2324,0.264600009,0.32280001,0.261904925,0.105518892,0.162824228,0.099080697,-0.064788751,0.080283247,-14.36824799,13.74285698,1.209551215,2.966393948,0.935346067
92,Mudflat,4,106,0.286199987,0.321999997,0.342799991,0.389200002,0.157876194,0.089265116,0.094488196,0.06338799,-0.031287599,0.056493521,-17.18597031,12.02142811,1.978571415,-1.149492145,0.999703526
93,Mudflat,4,107,0.273600012,0.306800008,0.327199996,0.374000013,0.165450156,0.091036454,0.098707408,0.066742748,-0.032176636,0.058441579,-15.76484489,12.38571453,1.564015388,1.636320233,0.980281174
94,Mudflat,4,108,0.317600012,0.341600001,0.363200009,0.393599987,0.110898137,0.063822597,0.070729032,0.040169105,-0.030647002,0.036282595,-19.30488968,10.91428566,1.428571463,1.348557234,0.990485251
95,Mudflat,4,109,0.298599988,0.328799993,0.350400001,0.372799993,0.093687236,0.045318425,0.062713794,0.03097344,-0.031802133,0.027468923,-19.69027519,10.94999981,1.350000024,1.287725925,0.989247322
96,Mudflat,4,110,0.272000015,0.3046,0.319599986,0.357199997,0.135035768,0.076125719,0.079480201,0.055555571,-0.024030738,0.047926594,-19.96563721,10.41428566,1.728571415,0.626717865,0.99502486
97,Mudflat,4,112,0.1998,0.229800001,0.261400014,0.290800005,0.17041406,0.054016296,0.117172502,0.053241562,-0.064332269,0.041912172,-14.61420059,14.23571396,0.812148452,5.433330059,0.917759538
98,Mudflat,4,113,0.309599996,0.342000008,0.359600008,0.40079999,0.133341894,0.083306335,0.079159908,0.054181986,-0.025085518,0.049032032,-16.6210556,11.03571415,1.452857137,1.57553041,0.990815043
99,Mudflat,4,114,0.294200003,0.329600006,0.345600009,0.384799987,0.130936801,0.07828097,0.07726761,0.053669192,-0.023696685,0.047789309,-17.54251099,11.04285717,1.442857146,1.369050622,0.990936577
100,Mudflat,4,115,0.284000009,0.304199994,0.331200004,0.368800014,0.149702445,0.076672129,0.09598814,0.053714298,-0.042492934,0.047000013,-13.93213081,12.80000019,1.624798775,1.017833829,0.968860447
101,Mudflat,4,116,0.275599986,0.307799995,0.324400008,0.354000002,0.113441691,0.059996739,0.069809623,0.043632068,-0.026257534,0.037678201,-19.12835312,10.43571472,1.70714283,0.691963196,0.994655192
102,Mudflat,4,117,0.305200011,0.325199991,0.347200006,0.379200011,0.120713882,0.068177961,0.076661013,0.044052869,-0.032718644,0.03913895,-20.93882751,10.19285679,1.607142806,1.282378554,0.990868211
103,Mudflat,4,118,0.286799997,0.324400008,0.342799991,0.368800014,0.100588202,0.050996438,0.064050786,0.036537413,-0.027577912,0.03218887,-21.73509979,9.442856789,1.528571486,0.947753608,0.98952049
104,Mudflat,4,119,0.289799988,0.32280001,0.338,0.378800005,0.136737198,0.082704939,0.079817548,0.056919649,-0.023002405,0.050295863,-21.57879639,10.36428547,1.381428599,2.268418312,0.983610868
105,Dense_Mangrove,5,122,0.015900001,0.0348,0.0208,0.381599993,1.729473352,0.65025413,0.832853019,0.896620274,0.25179857,0.599734008,-6.525491714,33.00714111,0.520859659,6.444542408,0.982942164
106,Dense_Mangrove,5,123,0.020199999,0.031300001,0.020199999,0.360799998,1.73431015,0.639984965,0.840346873,0.893963277,0.215534016,0.579909205,-6.177264214,35.63571548,0.722824812,5.214020252,0.992107689
107,Dense_Mangrove,5,161,0,0.0306,0.0117,0.321200013,1.755746126,0.556094587,0.826037526,0.9297086,0.446808517,0.557389855,-8.323853493,28.00714302,0.51368016,6.632546902,0.970530391
108,Dense_Mangrove,5,162,0.0059,0.029300001,0.0124,0.354400009,1.779664755,0.617529154,0.847276509,0.932388246,0.405275762,0.591832042,-6.682144165,29.55714226,0.399600238,6.845306873,0.936482906
109,Dense_Mangrove,5,163,0.0004,0.033199999,0.0131,0.312400013,1.727378845,0.539085031,0.807870388,0.919508457,0.434125274,0.54385221,-7.699644089,25.45714378,0.541491032,7.098526478,0.94353497
110,Dense_Mangrove,5,165,0.0103,0.030300001,0.0221,0.249200001,1.620265007,0.435207546,0.78318423,0.837080717,0.156488568,0.441656947,-8.906725883,23.58571434,0.56087029,6.528717041,0.964795053
111,Dense_Mangrove,5,168,0.023600001,0.0438,0.020500001,0.364399999,1.678878188,0.656097353,0.785399318,0.893478811,0.362363905,0.582947195,-7.569484234,33.70000076,0.491121829,6.71630621,0.954536676
112,Dense_Mangrove,5,170,0.015699999,0.037799999,0.0187,0.297800004,1.656564355,0.539949715,0.774731815,0.88183254,0.338053077,0.512737274,-6.884967804,30.70000076,0.502129316,6.38861227,0.974568963
113,Dense_Mangrove,5,172,0,0.0242,0.0106,0.27579999,1.764644265,0.49499774,0.838666677,0.925977647,0.390804619,0.505849421,-9.224927902,26.44285774,0.37752369,7.10685873,0.932194889
114,Dense_Mangrove,5,174,0.0055,0.024499999,0.0127,0.301200002,1.7686373,0.539797187,0.849554837,0.919082522,0.317204297,0.53169924,-7.795619011,27.55714226,0.534570813,6.032988071,0.974526763
115,Dense_Mangrove,5,176,0.0061,0.026799999,0.0138,0.25999999,1.712306619,0.474538356,0.813110173,0.899196506,0.320197046,0.477255106,-6.781242371,32.93571472,0.557437122,6.086725712,0.982846141
116,Dense_Mangrove,5,177,0.0108,0.024700001,0.0174,0.27700001,1.718054652,0.499077231,0.836261213,0.881793499,0.173396692,0.490181267,-8.8986063,22.40714264,1.03202796,3.616161823,0.989979982
117,Dense_Mangrove,5,178,0.0095,0.032099999,0.0147,0.307599992,1.719790339,0.552829266,0.811009705,0.908780634,0.37179485,0.534294069,-6.636756897,32.75,0.534638226,6.451136589,0.965957582
118,Dense_Mangrove,5,179,0.0077,0.0273,0.0144,0.284000009,1.728091717,0.513465166,0.824606478,0.903485239,0.309352517,0.506513059,-9.972619057,23.19285774,0.492221415,6.903700352,0.918069124
119,Dense_Mangrove,5,180,0.0018,0.0228,0.0082,0.261200011,1.778560638,0.487701446,0.83943665,0.939123988,0.47096774,0.493241489,-9.414665222,24.40714264,0.675638199,6.183588505,0.96263355
120,Dense_Mangrove,5,182,0.005,0.0274,0.0133,0.245800003,1.696751237,0.451246023,0.799414337,0.89733696,0.346437365,0.459425628,-8.809415817,22.75714302,0.477911383,6.985799789,0.926543713
121,Dense_Mangrove,5,183,0.0072,0.024,0.0103,0.273200005,1.765829444,0.513075709,0.838492572,0.927336872,0.399416894,0.503318429,-7.387597084,28.8571434,0.377305776,7.346306801,0.946557105
122,Dense_Mangrove,5,187,0.0154,0.0296,0.015699999,0.292199999,1.714053631,0.543905914,0.816034794,0.898018837,0.306843281,0.513368011,-8.57950592,27.64999962,0.337926954,7.138957024,0.889634371
123,Dense_Mangrove,5,188,0.0079,0.0252,0.0131,0.300000012,1.761339068,0.543638945,0.845018446,0.916320682,0.31592688,0.529270709,-7.487081051,29.26428604,0.378394544,7.119948387,0.945992589
124,Dense_Mangrove,5,189,0.0014,0.0221,0.0114,0.270599991,1.768141031,0.487768143,0.848992169,0.919148922,0.319402963,0.497186691,-8.948293686,24.49285698,0.482017517,6.901736259,0.937969983
125,Dense_Mangrove,5,192,0.0039,0.023499999,0.0101,0.266799986,1.765148044,0.494357347,0.838098526,0.927049458,0.398809522,0.495623618,-7.316030979,29.72857094,0.607374191,5.726449013,0.979150772
126,Dense_Mangrove,5,193,0.0056,0.022399999,0.0137,0.26879999,1.749162674,0.487203956,0.846153855,0.903008819,0.24099721,0.489009559,-9.290555,24.72142792,0.404894322,6.846967697,0.933444798
127,Dense_Mangrove,5,194,0.0114,0.029300001,0.0149,0.300599992,1.727917194,0.54752779,0.82237041,0.905546725,0.325791866,0.525505841,-6.773594856,30.44285774,0.46588853,7.188053131,0.959979832
128,Dense_Mangrove,5,195,0.021199999,0.0296,0.0146,0.282000005,1.711563706,0.552205503,0.810012817,0.901550889,0.339366496,0.503514946,-9.348837852,19.48571396,0.786063373,5.373360634,0.977247715
129,Dense_Mangrove,5,196,0.0131,0.030999999,0.0152,0.311199993,1.725682139,0.56741941,0.818819404,0.906862736,0.341991335,0.537270069,-9.075760841,22.54999924,0.8332268,4.536586761,0.982084215
130,Dense_Mangrove,5,197,0.0046,0.024900001,0.0113,0.299800009,1.773982167,0.541032195,0.846627653,0.927354574,0.375690609,0.533534706,-9.036142349,22.87142944,0.440066755,7.033884525,0.919423819
131,Dense_Mangrove,5,198,0.0066,0.0252,0.0127,0.265399992,1.735231638,0.488932729,0.826565742,0.908665955,0.329815298,0.487148166,-7.897598743,23.29999924,0.515271425,6.151271343,0.956048965
132,Dense_Mangrove,5,199,0,0.0208,0.0084,0.273200005,1.798844337,0.500151098,0.858503401,0.940340936,0.424657553,0.508188367,-7.925462723,30.02142906,0.487881243,6.906997681,0.961258829
133,Dense_Mangrove,5,202,0.0108,0.032499999,0.0136,0.367599994,1.766186953,0.646835268,0.837540627,0.928646386,0.4099783,0.602587402,-7.922480583,26.35000038,0.312963635,7.361181259,0.923814476
134,Dense_Mangrove,5,203,0.015,0.0242,0.0146,0.279199988,1.741087317,0.527385771,0.840474606,0.900612652,0.247422665,0.49999997,-9.884319305,18.5714283,0.747391462,5.267918587,0.963979125
135,Dense_Mangrove,5,204,0.0064,0.031199999,0.0135,0.287600011,1.714594841,0.518892944,0.804266036,0.910328805,0.395973146,0.513231814,-7.890536785,27.54999924,0.299934775,7.768259525,0.911240757
136,Dense_Mangrove,5,205,0.0111,0.020099999,0.0102,0.287800014,1.80098176,0.548291564,0.869438112,0.931543648,0.326732635,0.521804512,-9.631017685,21.5357151,0.479681224,5.899106979,0.95141542
137,Dense_Mangrove,5,206,0.0185,0.0352,0.0189,0.389200002,1.741494417,0.678776979,0.834118783,0.907375634,0.30129391,0.611661732,-7.349869251,28.09285736,0.342533469,7.170980453,0.928681493
138,Dense_Mangrove,5,207,0.0109,0.0272,0.0086,0.275400013,1.759661317,0.535635412,0.820224702,0.939436615,0.519553065,0.510459185,-8.629181862,22.82857132,0.918225348,4.604238033,0.982327163
139,Dense_Mangrove,5,208,0,0.0087,0.0011,0.256599993,1.925876856,0.505660236,0.93441385,0.991462946,0.775510192,0.505807042,-7.868785858,28,0.6912148,5.593702793,0.981107056
140,Dense_Mangrove,5,209,0.0185,0.032699998,0.020300001,0.286799997,1.663100719,0.524668276,0.795305192,0.867795527,0.233962223,0.49529177,-8.754869461,27.47142792,0.515223026,6.794599533,0.941365242
141,Dense_Mangrove,5,210,0.0197,0.040100001,0.022299999,0.385199994,1.701979399,0.661622584,0.811427236,0.890552163,0.285256445,0.599834681,-6.685338974,37.30714417,1.146806717,3.538989067,0.996918857
142,Dense_Mangrove,5,211,0.0265,0.047200002,0.0276,0.344799995,1.610955954,0.604582012,0.759183645,0.851772308,0.262032121,0.545392036,-6.313615799,35.37142944,0.746351063,5.463933945,0.980862617
143,Dense_Mangrove,5,212,0.021299999,0.041099999,0.020199999,0.387600005,1.709189415,0.680849493,0.80825752,0.900931835,0.340946168,0.607072055,-5.339741707,35.65714264,0.799990892,4.905604362,0.964860976
144,Dense_Mangrove,5,213,0.0011,0.0128,0.0087,0.200599998,1.796903253,0.385480702,0.880037487,0.916865766,0.190697655,0.405822635,-7.822663307,29.33571434,0.739943385,5.363820553,0.982996702
145,Sparse_Mangrove,6,214,0.0407,0.059300002,0.046,0.249599993,1.304825544,0.417093456,0.616056979,0.688768625,0.126305804,0.383861214,-9.151673317,23.51428604,0.582698643,6.595870495,0.960559607
146,Sparse_Mangrove,6,215,0.039999999,0.056299999,0.046300001,0.226600006,1.262661099,0.374252737,0.601979494,0.660681546,0.097465865,0.349915922,-8.565511703,27.19285774,0.429649085,7.042874813,0.953170598
147,Sparse_Mangrove,6,216,0.036200002,0.057999998,0.041099999,0.2412,1.321119905,0.411288351,0.612299502,0.708820403,0.170534804,0.38367635,-7.10008955,30.5,0.483916134,6.769800186,0.972487509
148,Sparse_Mangrove,6,217,0.046399999,0.0647,0.0482,0.226999998,1.206102848,0.382639945,0.556393564,0.649709284,0.146147028,0.34597522,-6.117765427,38.41428757,1.103361368,3.079106092,0.997430563
149,Sparse_Mangrove,6,218,0.044500001,0.0722,0.052900001,0.238199994,1.171344757,0.379138172,0.534793794,0.636551023,0.154276565,0.351346225,-5.557846546,34.4642868,0.544791162,6.402406216,0.976145864
150,Sparse_Mangrove,6,219,0.026799999,0.057500001,0.0306,0.296400011,1.487893462,0.519546509,0.675049424,0.812844038,0.305334866,0.482104003,-11.71356773,14.3214283,1.715714335,0.44989422,0.996736348
151,Sparse_Mangrove,6,220,0.020400001,0.050500002,0.033599999,0.269800007,1.4631809,0.447891414,0.684670627,0.778510213,0.200951278,0.44100076,-6.753043175,28.95714378,0.45475477,7.361436844,0.945220172
152,Sparse_Mangrove,6,221,0.027000001,0.054400001,0.031500001,0.262400001,1.442206979,0.462206751,0.656565666,0.785641372,0.266589046,0.436264008,-12.60668564,17.40714264,0.638452113,6.108010292,0.903946519
153,Sparse_Mangrove,6,222,0.040800001,0.058200002,0.041099999,0.220799997,1.268935442,0.386817634,0.58279568,0.686139762,0.172205463,0.353786588,-8.205710411,29.61428642,0.447439075,6.881738663,0.96849376
154,Sparse_Mangrove,6,223,0.019200001,0.0572,0.0306,0.273200005,1.452304721,0.461989641,0.653753042,0.798551679,0.30296126,0.452724576,-9.846086502,18.27142906,0.668479204,5.372314453,0.961233914
155,Sparse_Mangrove,6,224,0.045299999,0.064099997,0.045000002,0.236000001,1.252524376,0.409431934,0.5728091,0.679715276,0.175068706,0.366837382,-7.707807064,25.6428566,0.600500643,6.36247921,0.971233964
156,Sparse_Mangrove,6,225,0.039799999,0.055500001,0.037999999,0.236200005,1.342302084,0.425066501,0.619472086,0.722830057,0.187165797,0.384009302,-7.393540382,28.65714264,0.419930607,6.503563404,0.961869419
157,Sparse_Mangrove,6,226,0.034000002,0.050700001,0.038600001,0.254200011,1.403770804,0.437926561,0.667431951,0.736338794,0.135498315,0.407921314,-7.230838776,32.69285583,0.645600915,5.794449806,0.986046016
158,Sparse_Mangrove,6,227,0.033799998,0.0524,0.034600001,0.227200001,1.360854864,0.407601804,0.625178814,0.73567611,0.204597697,0.37923339,-8.392589569,25.47142792,0.56385392,6.22617197,0.962493598
159,Sparse_Mangrove,6,228,0.040399998,0.058400001,0.037500001,0.257600009,1.376228571,0.466471702,0.630379736,0.745848835,0.217935339,0.415230811,-7.992473602,24.86428642,0.556722462,6.571489334,0.970566571
160,Sparse_Mangrove,6,229,0.0297,0.052999999,0.035799999,0.267399997,1.433015823,0.459724486,0.669163525,0.763852239,0.193693697,0.432519913,-11.81048965,14.85000038,1.455882311,1.675900578,0.981971085
161,Sparse_Mangrove,6,230,0.030200001,0.053599998,0.028000001,0.280000001,1.496838927,0.515759289,0.678657055,0.818181813,0.313725471,0.467821777,-8.294359207,22.16428566,0.612088144,5.908175945,0.96089983
162,Sparse_Mangrove,6,231,0.0363,0.0561,0.035399999,0.251199991,1.387850285,0.4528476,0.634884477,0.752965808,0.226229519,0.411517918,-9.871202469,18.37857056,0.73052907,5.469961166,0.956770241
163,Sparse_Mangrove,6,232,0.031599998,0.056499999,0.035799999,0.27700001,1.432269216,0.4805547,0.66116941,0.771099746,0.22426869,0.445127964,-7.934117317,23.52857208,0.529362261,6.374660492,0.957705736
164,Sparse_Mangrove,6,233,0.0308,0.057399999,0.0359,0.244800001,1.364330053,0.424869835,0.620119154,0.744210899,0.230439425,0.401370555,-9.795862198,17.1428566,1.212268949,3.22870183,0.989524245
165,Sparse_Mangrove,6,234,0.0283,0.055199999,0.028999999,0.299800009,1.512615085,0.536641479,0.689014077,0.823601007,0.311163902,0.490106195,-9.064930916,21.65714264,0.454903722,6.707106113,0.908468485
166,Sparse_Mangrove,6,235,0.029200001,0.0612,0.035599999,0.254799992,1.367479205,0.438610524,0.612658203,0.754820943,0.264462829,0.415991902,-11.4223156,14.10714245,1.90142858,-0.586051881,0.998494744
167,Sparse_Mangrove,6,236,0.0294,0.0526,0.041700002,0.210600004,1.269745111,0.340441823,0.600303948,0.669441164,0.115588523,0.336767256,-8.194678307,23.10000038,0.558201969,5.932608128,0.962798178
168,Sparse_Mangrove,6,237,0.043000001,0.0612,0.0403,0.246600002,1.321405053,0.44236213,0.602339208,0.719065905,0.205911323,0.393252015,-8.363693237,28.20000076,0.535138726,6.138334274,0.966124773
169,Sparse_Mangrove,6,238,0.0348,0.058600001,0.040800001,0.240199998,1.317372918,0.407271236,0.607764363,0.709608555,0.179074436,0.382970542,-9.015144348,26.0714283,0.561283052,6.270077229,0.962555051
170,Sparse_Mangrove,6,239,0.051399998,0.064400002,0.052900001,0.216800004,1.14967525,0.356707573,0.541962981,0.607712269,0.098039217,0.319410175,-5.824723721,39.27142715,1.54285717,1.656827211,0.999185622
171,Sparse_Mangrove,6,240,0.032400001,0.0491,0.035,0.266600013,1.456849694,0.469357997,0.688945234,0.76790452,0.167657554,0.433383256,-6.524280548,34.72857285,0.664556146,5.635284424,0.983989358
172,Sparse_Mangrove,6,241,0.050000001,0.067199998,0.052999999,0.209199995,1.109476686,0.338916838,0.513748169,0.595728457,0.118136428,0.307399631,-6.788788795,37.3928566,1.096331358,3.595341682,0.995674253
173,Sparse_Mangrove,6,242,0.027799999,0.053800002,0.035700001,0.244599998,1.384683132,0.417699754,0.639410198,0.745272934,0.202234641,0.40157631,-9.82000351,15.18571472,1.242857099,2.572865963,0.983257949
174,Sparse_Mangrove,6,243,0.0254,0.058499999,0.0319,0.270000011,1.432507396,0.468368888,0.643835604,0.788671732,0.294247776,0.445379734,-8.958305359,27.04285622,0.415240228,7.342310905,0.954571128
175,Sparse_Mangrove,6,244,0.0407,0.060400002,0.048,0.226999998,1.230588913,0.369911134,0.579679847,0.650909066,0.114391156,0.34645161,-6.716272831,33.3928566,0.693284452,5.598594189,0.985070467
176,Sparse_Mangrove,6,245,0.0381,0.058600001,0.042599998,0.224199995,1.266232491,0.380218595,0.585572839,0.680659652,0.158102795,0.35524255,-7.910997391,30.20000076,0.463437736,6.899398804,0.971979737
177,Sparse_Mangrove,6,246,0.0396,0.060199998,0.0418,0.240199998,1.30274713,0.41541037,0.599201083,0.703546107,0.180392146,0.380562663,-8.992359161,24.00714302,0.472927213,7.188897133,0.956397891
178,Sparse_Mangrove,6,247,0.031300001,0.051199999,0.032600001,0.2588,1.445930004,0.463657618,0.669677436,0.776252568,0.221957028,0.428733885,-9.44214344,20.34285736,0.505450845,6.796256065,0.92169553
179,Sparse_Mangrove,6,248,0.0319,0.050900001,0.0339,0.230800003,1.382483602,0.411941916,0.638622642,0.74386096,0.200471699,0.386229903,-8.198307991,26.66428566,0.55514878,6.447422028,0.972752094
180,Sparse_Mangrove,6,249,0.037999999,0.058800001,0.041900001,0.241400003,1.312461615,0.41294089,0.608261168,0.704200506,0.167825207,0.38203752,-10.51995659,16.81428528,1.191172481,3.479125738,0.971557915
181,Sparse_Mangrove,6,250,0.027799999,0.056000002,0.036899999,0.248199999,1.372964621,0.418880343,0.631821156,0.741143465,0.205597445,0.403706551,-9.037237167,25.8214283,0.460285306,6.867712021,0.960033059
182,Sparse_Mangrove,6,251,0.032600001,0.0572,0.038600001,0.232600003,1.320584178,0.397638768,0.605244994,0.715339243,0.194154471,0.377334028,-9.034955978,23,0.482171744,6.707296371,0.934184551
183,Sparse_Mangrove,6,252,0.034499999,0.062600002,0.0416,0.233199999,1.273975372,0.391323864,0.57674104,0.697234333,0.201535523,0.370934427,-10.32816696,19.39999962,0.802029192,4.993701935,0.946414471
184,Sparse_Mangrove,6,253,0.039299998,0.0495,0.0396,0.215399995,1.315685868,0.379451752,0.626274049,0.689411759,0.111111112,0.349271506,-7.919000626,25.90714264,0.413860083,7.111076355,0.922683358
185,Sparse_Mangrove,6,254,0.044300001,0.054900002,0.0394,0.225799993,1.311700821,0.412407607,0.608835042,0.702865779,0.164369047,0.365394652,-6.878284931,34.2142868,0.544022918,6.399371147,0.978118777
186,Sparse_Mangrove,6,255,0.028899999,0.054900002,0.0363,0.230399996,1.342925906,0.394047648,0.615141928,0.727784038,0.20394738,0.379744351,-8.607271194,20.20000076,0.81780988,4.917750359,0.9769696
187,Sparse_Mangrove,6,256,0.039700001,0.0592,0.046799999,0.243000001,1.285225153,0.400065273,0.608206511,0.677018642,0.116981149,0.372625977,-7.081533432,29.10000038,0.461050332,6.365501881,0.965673566
188,Sparse_Mangrove,6,257,0.0337,0.0491,0.033100002,0.193800002,1.303959966,0.352520496,0.595718384,0.708241522,0.194647178,0.33161369,-6.252855301,34.92856979,0.804246306,4.876522064,0.986084759
189,Sparse_Mangrove,6,258,0.036400001,0.0546,0.0317,0.261400014,1.438122034,0.487230629,0.654430389,0.783691585,0.265353411,0.434434503,-9.344526291,20.88571358,0.704754829,5.537517071,0.964005888
190,Sparse_Mangrove,6,259,0.039299998,0.0469,0.036600001,0.169799998,1.212492347,0.304206818,0.5671435,0.645348847,0.12335328,0.282842577,-8.310682297,25.6428566,0.631881058,5.733579159,0.977694511
191,Sparse_Mangrove,6,260,0.031599998,0.057799999,0.038600001,0.273200005,1.403160691,0.462612391,0.650755286,0.752405405,0.199170098,0.433481157,-8.630929947,27.6785717,0.556808114,6.972233295,0.944340825
192,Sparse_Mangrove,6,261,0.030999999,0.0517,0.034400001,0.241999999,1.39902544,0.426844299,0.647940099,0.751085401,0.200929135,0.40108192,-9.244839668,25.62857056,0.508956492,6.628064156,0.95789957
193,Sparse_Mangrove,6,262,0.035599999,0.054400001,0.035599999,0.266600013,1.425453663,0.476013869,0.661059201,0.764394462,0.208888903,0.431937188,-7.813379288,24.75,0.49930957,6.567769051,0.940704823
194,Sparse_Mangrove,6,263,0.0273,0.055,0.0341,0.243599996,1.386025429,0.42120713,0.631614208,0.754411221,0.234567896,0.404076129,-7.483095169,32.2857132,0.513221562,6.748563766,0.97161299
195,Sparse_Mangrove,6,264,0.0285,0.055599999,0.032099999,0.236200005,1.379632711,0.419941574,0.618917108,0.760715604,0.267958939,0.398477167,-8.679431915,26.52142906,0.730936825,5.325949192,0.984183609
196,Sparse_Mangrove,6,265,0.031599998,0.053199999,0.0306,0.275599986,1.476529598,0.501145422,0.676398993,0.800130606,0.269689739,0.455842197,-8.780160904,22.59285736,0.561738729,6.150305748,0.963078678
197,Sparse_Mangrove,6,266,0.0276,0.055599999,0.035999998,0.243599996,1.37083149,0.414338171,0.628342271,0.742489278,0.213973805,0.39943561,-11.23160553,16.64999962,0.653533578,5.424052238,0.940291882
198,Sparse_Mangrove,6,267,0.040600002,0.052099999,0.0359,0.237000003,1.376471043,0.437973708,0.639571071,0.736899972,0.184090897,0.390283346,-8.563112259,29.5,0.436395675,6.977910519,0.950205028
199,Sparse_Mangrove,6,268,0.028999999,0.061999999,0.033799998,0.268999994,1.402127981,0.468787372,0.625377655,0.776750326,0.29436326,0.439461887,-9.552627563,20.3928566,0.580431223,6.585381985,0.942614675
200,Sparse_Mangrove,6,269,0.0274,0.0515,0.035799999,0.238399997,1.383581758,0.40594694,0.644705057,0.73887676,0.179839656,0.392534226,-8.504457474,23.6428566,0.795143187,4.61245203,0.979295433
201,Sparse_Mangrove,6,270,0.0277,0.048999999,0.034600001,0.275599986,1.475008011,0.472382277,0.698089957,0.776918113,0.172248781,0.446186095,-8.213512421,25.75714302,0.344934374,7.589378834,0.933177233
202,Sparse_Mangrove,6,271,0.0403,0.058800001,0.045600001,0.221399993,1.238726735,0.368476182,0.580299795,0.65842694,0.126436785,0.343807042,-9.232197762,21.79285622,0.827875137,4.733015537,0.964065731
203,Sparse_Mangrove,6,272,0.0284,0.054299999,0.0372,0.230800003,1.341469049,0.390008062,0.61908102,0.722388089,0.186885238,0.378125012,-8.873754501,23.48571396,0.478647172,7.158575535,0.944308162
204,Sparse_Mangrove,6,273,0.0273,0.057,0.0374,0.264400005,1.397455573,0.44196099,0.645301819,0.752153754,0.207627118,0.424669504,-9.485292435,19.5,0.648413539,5.989206791,0.960124671
205,Sparse_Mangrove,6,274,0.0341,0.053399999,0.044399999,0.233799994,1.308938861,0.380489379,0.628133714,0.680805147,0.092024535,0.365073234,-8.404844284,29.79999924,0.41253835,7.185979843,0.929184437
206,Sparse_Mangrove,6,275,0.041999999,0.062199999,0.038800001,0.287400007,1.406273961,0.515682042,0.644164801,0.76210916,0.23168315,0.451343507,-7.44793129,25.58571434,0.580356419,6.326562881,0.962651193
207,Sparse_Mangrove,6,276,0.0294,0.0482,0.032099999,0.268999994,1.482872605,0.477197647,0.696090817,0.786781788,0.200498134,0.443577588,-7.734278679,31.52857208,0.771570802,5.203316689,0.991026402
208,Sparse_Mangrove,6,277,0.031399999,0.055599999,0.031500001,0.246800005,1.405900717,0.448429555,0.632275164,0.773625612,0.276693434,0.414942831,-11.01997185,18.41428566,0.675521135,5.655780792,0.919574142
209,Sparse_Mangrove,6,278,0.020400001,0.049800001,0.033199999,0.270000011,1.469558001,0.449779689,0.68855536,0.781002641,0.200000018,0.442231089,-9.294326782,23.58571434,0.42909646,6.78964901,0.948860586
210,Sparse_Mangrove,6,279,0.027799999,0.0524,0.036600001,0.240999997,1.379119635,0.408114344,0.642808437,0.736311257,0.177528083,0.394290119,-6.764399529,36.54999924,0.928798735,4.458171368,0.986594677
211,Sparse_Mangrove,6,280,0.0265,0.050500002,0.0298,0.270200014,1.486397266,0.48070389,0.685063899,0.801333368,0.257783324,0.450750023,-9.223800659,19.57857132,0.571936429,6.205295086,0.935578167
212,Sparse_Mangrove,6,281,0.032600001,0.057500001,0.038199998,0.237800002,1.333753943,0.408179969,0.610565543,0.7231884,0.201671913,0.38582474,-11.08041191,20,0.574786723,6.124960899,0.884135485
213,Sparse_Mangrove,6,282,0.038699999,0.0506,0.035399999,0.255199999,1.425430894,0.466726124,0.66906476,0.756366134,0.176744193,0.41702503,-11.22902489,21.04285622,0.534973502,6.376502514,0.888430715
214,Sparse_Mangrove,6,283,0.038600001,0.061000001,0.0416,0.251399994,1.325515985,0.432934374,0.609475017,0.716040969,0.18908383,0.396847397,-6.767511368,29.00714302,0.377992034,7.187797546,0.952481747
215,Sparse_Mangrove,6,284,0.0306,0.056600001,0.032600001,0.25999999,1.419621229,0.463665277,0.642451048,0.777170181,0.269058287,0.430355787,-8.52176857,24.55714226,1.079922438,3.660084963,0.992000401
216,Sparse_Mangrove,6,285,0.028899999,0.057399999,0.035599999,0.239800006,1.355195165,0.412808806,0.613728166,0.741466939,0.234408602,0.395021945,-7.381602287,26.51428604,0.352716744,7.161037922,0.912597477
217,Sparse_Mangrove,6,286,0.0337,0.054000001,0.0394,0.231999993,1.33203125,0.396084398,0.622377634,0.709653616,0.156316921,0.374513865,-8.195323944,28.79285622,0.392775565,7.197126865,0.958527803
218,Sparse_Mangrove,6,287,0.029300001,0.0517,0.0348,0.243200004,1.399012923,0.422803819,0.649372697,0.749640286,0.195375711,0.4017995,-8.518493652,26.47142792,0.596585155,6.269860268,0.964250743
219,Sparse_Mangrove,6,288,0.0188,0.054200001,0.030999999,0.256599993,1.435645461,0.433312833,0.651222646,0.784422815,0.272300482,0.429659724,-9.621731758,16.34285736,1.254285693,2.719831705,0.991401255
220,Sparse_Mangrove,6,289,0.039799999,0.057799999,0.040199999,0.256199986,1.360592008,0.450412869,0.631847143,0.728744924,0.179591835,0.406830728,-10.41108608,15.82857132,1.460000038,1.923794627,0.994213104
221,Sparse_Mangrove,6,290,0.046,0.056200001,0.041200001,0.247999996,1.345582247,0.449487031,0.630506217,0.715076089,0.154004112,0.393056244,-6.676640511,37.66428757,1.121519089,3.475672007,0.995895922
222,Sparse_Mangrove,6,291,0.0319,0.054699998,0.033599999,0.243599996,1.390830874,0.435341418,0.633255124,0.75757575,0.238958105,0.405301064,-10.18973064,16.45714378,0.956475675,4.227745533,0.967960596
223,Sparse_Mangrove,6,292,0.0296,0.0517,0.037999999,0.254000008,1.40148592,0.428571433,0.661759913,0.739726067,0.152731344,0.409090936,-8.991985321,23.86428642,0.418632269,6.705395699,0.952591062
224,Sparse_Mangrove,6,293,0.031199999,0.051399998,0.032600001,0.241600007,1.411364079,0.43425864,0.649146795,0.762217343,0.223809496,0.404934138,-7.642000675,29.13571358,0.630519629,6.10742712,0.980600655
225,Sparse_Mangrove,6,294,0.029300001,0.0528,0.037,0.256999999,1.407434225,0.436767906,0.659134924,0.748299301,0.175946534,0.415617138,-8.672727585,24.10000038,1.138784766,4.054671764,0.992834866
226,Sparse_Mangrove,6,295,0.0341,0.062100001,0.037700001,0.2958,1.426888704,0.509575486,0.652975678,0.773913026,0.244488969,0.464487106,-10.42010307,18.99285698,0.798195481,5.085212708,0.964229584
227,Sparse_Mangrove,6,296,0.0284,0.0447,0.029200001,0.256199986,1.49826622,0.465774775,0.70289129,0.79537487,0.209742889,0.433537036,-7.181358337,29.34285736,0.473758221,6.066923141,0.957266331
228,Sparse_Mangrove,6,297,0.0262,0.0524,0.030300001,0.256999999,1.450350523,0.456210256,0.661279917,0.789070666,0.267230958,0.431919217,-7.652966499,30.31428528,0.679938197,5.830649376,0.973551571
229,Sparse_Mangrove,6,298,0.031800002,0.051899999,0.033500001,0.261200011,1.441126704,0.465187579,0.668476522,0.772650182,0.21545665,0.429784834,-8.895589828,26.08571434,0.453839809,6.722022057,0.959335744
230,Sparse_Mangrove,6,299,0.0414,0.055599999,0.040800001,0.228400007,1.305330396,0.403371483,0.608450711,0.696879625,0.153526947,0.365834653,-7.829862118,29.4285717,0.448011041,6.378771305,0.95079428
231,Sparse_Mangrove,6,300,0.027799999,0.050999999,0.0306,0.25999999,1.461426973,0.464334846,0.67202574,0.789401233,0.249999985,0.435239047,-8.866439819,24.61428642,0.526060402,6.548760414,0.961747646
232,Sparse_Mangrove,6,301,0.0328,0.059700001,0.035599999,0.254200011,1.373937368,0.447290897,0.619624078,0.75431335,0.25288564,0.415168405,-9.549646378,21.43571472,0.746026695,4.967889309,0.969784796
233,Sparse_Mangrove,6,302,0.028999999,0.0524,0.033500001,0.259000003,1.434395552,0.453722328,0.663455367,0.770940185,0.220023274,0.426813871,-7.871705055,31.34285736,0.425304145,7.082165241,0.954611123
234,Sparse_Mangrove,6,303,0.032400001,0.058600001,0.0392,0.262600005,1.37534368,0.44509086,0.635118306,0.740225315,0.198364004,0.417934656,-9.143577576,23.0357151,0.733075917,5.584632397,0.975229681
235,Sparse_Mangrove,6,304,0.0294,0.051800001,0.032600001,0.265199989,1.454247236,0.468838155,0.673186123,0.781061113,0.22748816,0.437327623,-10.55324173,20.87857056,0.455058098,6.541557789,0.939872742
236,Sparse_Mangrove,6,305,0.0254,0.051800001,0.035300002,0.242599994,1.394049525,0.410040349,0.648097813,0.745951772,0.189437419,0.399730027,-8.162979126,24.80714226,0.534707308,6.650829792,0.959573567
237,Sparse_Mangrove,6,306,0.033399999,0.054900002,0.032299999,0.267800003,1.444484353,0.48612833,0.659745872,0.784738421,0.259174347,0.44150731,-5.941285133,34.92142868,0.634523928,5.868048668,0.986532032
238,Sparse_Mangrove,6,307,0.034600001,0.0568,0.034200002,0.275000006,1.436408997,0.493159682,0.657625079,0.778783977,0.248351634,0.446366787,-10.43806839,15.64999962,1.143109202,2.963027,0.987020493
239,Sparse_Mangrove,6,308,0.024499999,0.0462,0.036600001,0.240799993,1.414169908,0.399874657,0.67804879,0.736121118,0.115942009,0.394005656,-8.379283905,28.29285622,0.536626518,6.656368732,0.967422485
240,Sparse_Mangrove,6,309,0.044799998,0.071599998,0.073600002,0.255199999,1.114122987,0.333627254,0.561811507,0.55231142,-0.013774132,0.328667939,-7.398692131,27.26428604,0.524863005,6.663118362,0.968696713
241,Sparse_Mangrove,6,310,0.035100002,0.051399998,0.032699998,0.209999993,1.337264538,0.387812227,0.606732965,0.730531514,0.222354352,0.358085364,-7.218503952,35.25714111,0.599396408,5.780522823,0.983736694
242,Sparse_Mangrove,6,311,0.037500001,0.061099999,0.043900002,0.208399996,1.198569298,0.345428586,0.546567738,0.65200156,0.163809493,0.327994138,-5.962423325,38.75714111,1.31515193,2.323163986,0.995246291
243,Sparse_Mangrove,6,312,0.027899999,0.051600002,0.031500001,0.263399988,1.458749175,0.466355592,0.672380924,0.786368251,0.241877258,0.437602192,-8.592333794,27.7857151,0.566512942,6.505410671,0.969764531
244,Sparse_Mangrove,6,313,0.052200001,0.0634,0.043499999,0.234200001,1.260637045,0.431956142,0.57392472,0.686712265,0.186155304,0.367815346,-6.103559494,38.20714188,1.25,2.442846298,0.998504519
245,Sparse_Mangrove,6,314,0.036699999,0.055199999,0.036400001,0.270599991,1.42400825,0.482389271,0.661141813,0.762866437,0.205240145,0.435315967,-5.40159893,38.98571396,1.294285655,2.167351961,0.998666883
246,Sparse_Mangrove,6,315,0.039099999,0.057799999,0.037700001,0.232199997,1.322016597,0.417328238,0.601379335,0.720637262,0.210471183,0.378945321,-6.545936584,35.90000153,0.944347084,4.540058613,0.986637771
247,Sparse_Mangrove,6,316,0.033100002,0.043299999,0.030099999,0.213799998,1.41634357,0.400689274,0.663166106,0.753177524,0.179836512,0.370412678,-7.206906319,36.57143021,1.091428518,3.19588232,0.996293783
248,Sparse_Mangrove,6,317,0.0337,0.0447,0.036200002,0.204600006,1.340731502,0.360121459,0.641395926,0.699335515,0.105067968,0.340982735,-5.325435162,38.74285889,1.197142839,2.682356834,0.998156548
249,Sparse_Mangrove,6,318,0.034000002,0.043699998,0.0308,0.194199994,1.358840942,0.363434166,0.632618725,0.726222217,0.173154354,0.338068962,-7.791195393,25.07857132,0.461129099,7.027925491,0.929244757
250,Sparse_Mangrove,6,319,0.025800001,0.042199999,0.031500001,0.186000004,1.340493798,0.326914936,0.630149007,0.710344851,0.145183161,0.322996527,-7.238341808,34.02142715,0.539644957,6.034566879,0.975596786
251,Sparse_Mangrove,6,320,0.0306,0.043499999,0.0374,0.142199993,1.115021348,0.23041068,0.531502426,0.583518922,0.075401716,0.231312528,-7.560634613,33.72857285,0.574652851,5.263494492,0.985770345
252,Sparse_Mangrove,6,321,0.022299999,0.0339,0.0298,0.147400007,1.289691091,0.253677905,0.6260342,0.66365689,0.064364217,0.260484368,-7.52444458,28.41428566,0.555767894,5.58182621,0.972242415
253,Sparse_Mangrove,6,322,0.043400001,0.055799998,0.041299999,0.216399997,1.269479632,0.384429604,0.590007365,0.679472268,0.149330586,0.346641153,-6.603931427,30.92142868,0.410278112,7.024900913,0.952955186
254,Mudflat,4,329,0.076200001,0.090999998,0.103600003,0.145600006,0.399308592,0.087814674,0.230769262,0.16853933,-0.064748228,0.084089704,-11.96656227,14.14999962,0.978571415,4.179365635,0.979133248
255,Mudflat,4,330,0.053399999,0.064800002,0.058200002,0.119400002,0.641011536,0.143245012,0.296416938,0.344594598,0.053658534,0.135478154,-8.175822258,25.8571434,0.446668595,7.060349941,0.948915184
256,Mudflat,4,331,0.054900002,0.07,0.0623,0.126800001,0.629707277,0.148092031,0.288617879,0.341089368,0.058201056,0.140400529,-7.466959,25.10000038,0.316495597,7.950840473,0.889923096
257,Mudflat,4,332,0.055199999,0.069799997,0.070900001,0.140000001,0.662247837,0.150034741,0.334604412,0.327643424,-0.00781808,0.145801097,-8.389268875,25.32857132,0.350586623,7.673844337,0.942897677
258,Mudflat,4,333,0.082999997,0.093400002,0.099399999,0.129600003,0.294209599,0.068418674,0.162331849,0.13187775,-0.031120317,0.062139928,-9.627903938,16.13571358,0.593513012,5.916289806,0.948981166
259,Mudflat,4,334,0.0568,0.070600003,0.071000002,0.130199999,0.591047287,0.130950272,0.296812713,0.294234574,-0.002824854,0.126640037,-9.54741478,18.51428604,0.722598016,5.756276608,0.945001185
260,Mudflat,4,335,0.057,0.074600004,0.073600002,0.138799995,0.607811391,0.14138259,0.300843447,0.306967974,0.006747652,0.137282416,-9.490296364,21.67142868,0.631181896,5.614526749,0.963652432
261,Mudflat,4,336,0.064999998,0.090800002,0.087399997,0.183599994,0.693173945,0.197050378,0.338192403,0.354981542,0.019079717,0.187159523,-8.408052444,21.24285698,0.473903596,6.861768246,0.941380143
262,Mudflat,4,337,0.077200003,0.090000004,0.0977,0.123000003,0.269564837,0.055963553,0.154929578,0.114635266,-0.041022889,0.052657146,-7.418596268,24.34285736,0.341103166,7.119123936,0.801665545
263,Mudflat,4,338,0.091399997,0.108000003,0.115800001,0.123400003,0.098324008,0.016774084,0.066551425,0.031772584,-0.034852538,0.015422082,-9.429426193,15.60714245,0.779763281,4.942077637,0.953132868
264,Mudflat,4,339,0.057399999,0.071999997,0.068000004,0.165399998,0.810738146,0.213054493,0.393428832,0.417309314,0.02857138,0.199209154,-10.44492626,16.97142792,1.003767252,4.365899086,0.963580608
265,Mudflat,4,340,0.077500001,0.100500003,0.098800004,0.150999993,0.409762323,0.112253211,0.200795189,0.208967134,0.008529849,0.104427829,-9.465364456,17.75,0.539815664,6.290709496,0.937624395
266,Mudflat,4,341,0.080399998,0.098999999,0.101800002,0.138999999,0.322552264,0.081095211,0.168067232,0.154485032,-0.013944237,0.075323969,-9.581834793,20.37142944,0.414867699,7.146213055,0.874723196
267,Mudflat,4,342,0.082999997,0.099200003,0.096000001,0.117600001,0.185994431,0.05041546,0.084870838,0.101123594,0.016393453,0.045403589,-11.16106987,17.79285622,0.520053029,6.523108959,0.913339019
268,Mudflat,4,343,0.121200003,0.140400007,0.139599994,0.148399994,0.058256339,0.020427113,0.027700784,0.030555557,0.002857191,0.016751269,-14.88242722,12.12857151,1.828571439,-0.103177197,0.997674406
269,Mudflat,4,344,0.078900002,0.108599998,0.114399999,0.128399998,0.141204923,0.02861698,0.083544306,0.057660621,-0.026008975,0.028271403,-10.72570896,18.4285717,0.574683011,5.996414661,0.952727854
270,Mudflat,4,345,0.082199998,0.106799997,0.115599997,0.119999997,0.076876782,0.009188873,0.05820106,0.018675722,-0.039568346,0.008972268,-9.925795555,20.61428642,0.571916819,6.629511833,0.950395167
271,Mudflat,4,346,0.089199997,0.095700003,0.102799997,0.138600007,0.331400216,0.082382202,0.183098599,0.148301616,-0.03576823,0.072430559,-10.20751381,17.60000038,0.695320666,5.856020927,0.94966501
272,Mudflat,4,347,0.060400002,0.074900001,0.077799998,0.148399994,0.641266763,0.151867136,0.329153568,0.312113166,-0.018991467,0.145827591,-9.308480263,25.99285698,0.528452039,6.407599449,0.969406426
273,Mudflat,4,348,0.106200002,0.122000001,0.122599997,0.139599994,0.132114261,0.039399274,0.067278259,0.064835995,-0.002452965,0.033455782,-7.511277199,23.6071434,0.351088017,7.466605663,0.822240829
274,Mudflat,4,349,0.071999997,0.081200004,0.085199997,0.149800003,0.571863353,0.144067809,0.296969682,0.274893641,-0.024038421,0.131836742,-9.318000793,24.86428642,0.306658655,7.943171501,0.868520617
275,Mudflat,4,350,0.077799998,0.083300002,0.086999997,0.146799996,0.531741142,0.137749925,0.275966942,0.25577417,-0.02172634,0.122240394,-9.587106705,17.37857056,0.811893821,4.676399231,0.909067571
276,Mudflat,4,351,0.066399999,0.078199998,0.072800003,0.125,0.494217902,0.122673422,0.23031497,0.263902903,0.035761554,0.112209797,-13.01644897,15.37857151,1.146584153,3.317545176,0.787976384
277,Mudflat,4,352,0.093400002,0.102200001,0.101499997,0.129199997,0.236750409,0.066734128,0.116681054,0.120069355,0.003436448,0.056863282,-8.427895546,26.54285622,0.396313906,7.302784443,0.852563441
278,Mudflat,4,358,0.065800004,0.083800003,0.084600002,0.119000003,0.34252876,0.075897984,0.173570007,0.168958738,-0.004750586,0.073337123,-6.678201675,35.52857208,0.936502397,4.298460484,0.990376651
279,Mudflat,4,359,0.0603,0.080700003,0.081299998,0.115800001,0.353664011,0.074912064,0.178625941,0.175038069,-0.003703674,0.074236125,-5.740697861,37.58571243,1.050323486,4.11251545,0.993343532
280,Mudflat,4,360,0.049400002,0.0634,0.0572,0.122000001,0.677680492,0.147985756,0.316073358,0.361607164,0.051409625,0.143109545,-10.33963966,18.60000038,0.914232075,4.684669971,0.917823911
281,Mudflat,4,361,0.064599998,0.0814,0.086000003,0.118000001,0.340413392,0.069595471,0.183550656,0.156862736,-0.027479112,0.068181813,-5.939049721,37.25,0.989056885,4.049446106,0.98438561
282,Mudflat,4,362,0.063699998,0.0854,0.086499996,0.107199997,0.220054224,0.045060735,0.113187939,0.106866293,-0.006399048,0.044759985,-9.077860832,25.09285736,0.478402615,6.92019701,0.907414675
283,Mudflat,4,363,0.055,0.0704,0.066200003,0.177599996,0.889189959,0.239611104,0.43225807,0.456931889,0.03074668,0.224657148,-9.054537773,22.23571396,0.446835935,7.000937462,0.924014449
284,Mudflat,4,364,0.055500001,0.071599998,0.0656,0.133599997,0.643509686,0.153022185,0.302144259,0.341365457,0.04373176,0.145880997,-10.50695038,17.36428642,0.733706892,5.068382263,0.959864855
285,Mudflat,4,366,0.085000001,0.1074,0.110399999,0.135000005,0.214105934,0.053021826,0.113861404,0.100244522,-0.013774099,0.049503636,-12.69346237,12.31428528,1.714285731,0.346384794,0.996244848
286,Mudflat,4,367,0.0911,0.104400001,0.112400003,0.140000001,0.255013078,0.060999863,0.145662844,0.109350227,-0.036900375,0.05502392,-9.580853462,18.65714264,0.65149641,5.98421669,0.774132133
287,Mudflat,4,368,0.048500001,0.063699998,0.07,0.168400005,0.863850355,0.200873733,0.45109868,0.412751675,-0.047120437,0.199891672,-10.57746124,14.90714264,1.478571415,1.366325259,0.995328009
288,Mudflat,4,369,0.103600003,0.131600007,0.122199997,0.152600005,0.184517547,0.068542585,0.073891617,0.110625938,0.037037075,0.058853913,-12.11375999,12.74285698,1.417142868,1.622202396,0.988507748
289,Mudflat,4,370,0.055500001,0.077100001,0.083499998,0.157399997,0.649196982,0.148734048,0.342430681,0.306766301,-0.03985054,0.149615332,-9.148578644,27.41428566,0.324443847,7.76113081,0.91438663
290,Mudflat,4,371,0.0526,0.0766,0.086999997,0.247199997,1.006222129,0.291336298,0.526868403,0.479353696,-0.063569665,0.288060427,-13.0860405,12,2,-1.386294365,1
291,Mudflat,4,372,0.055199999,0.076099999,0.092900001,0.242200002,0.967373371,0.269377887,0.521834731,0.44553864,-0.099408291,0.268171489,-11.76763344,13.27857113,1.412857175,1.615229726,0.992994606
292,Mudflat,4,373,0.070200004,0.093000002,0.103,0.31400001,1.048992753,0.375311285,0.542997539,0.505995214,-0.051020399,0.345147222,-13.29219818,13.24285698,1.211648345,2.650071144,0.979667008
293,Mudflat,4,374,0.068599999,0.086599998,0.108800001,0.253399998,0.889815152,0.259754241,0.490588248,0.399226934,-0.113613121,0.251565754,-13.45257568,13.0714283,1.45837009,1.872642994,0.958453655
294,Mudflat,4,375,0.072800003,0.088,0.128999993,0.246399999,0.786417305,0.199064046,0.473684222,0.312733114,-0.188940063,0.201165199,-15.56731987,12.38571453,1.662857175,0.659505188,0.995179832
295,Mudflat,4,376,0.047200002,0.075800002,0.108199999,0.242200002,0.905690551,0.217900366,0.523270428,0.382420093,-0.176086947,0.236359373,-12.92668915,14.8214283,1.207407951,2.771353722,0.837588131
296,Mudflat,4,377,0.067400001,0.083800003,0.125599995,0.239800006,0.794610858,0.191881195,0.482076645,0.312534243,-0.199617922,0.197943166,-15.68202972,12,2,-1.386294365,1
297,Mudflat,4,378,0.0458,0.072999999,0.104199998,0.234799996,0.910916746,0.215298384,0.525665998,0.385250747,-0.17607224,0.233492255,-12.64093494,12.62857151,1.610145211,1.206305981,0.983621001
298,Mudflat,4,379,0.049800001,0.0704,0.113600001,0.237399995,0.895266652,0.200258806,0.542560101,0.352706552,-0.234782621,0.218213856,-13.37154007,12.14999962,1.850000024,-0.332932025,0.997971594
299,Mudflat,4,380,0.0407,0.0656,0.088100001,0.210199997,0.933612406,0.212932914,0.524292946,0.40931946,-0.146389067,0.229425013,-14.407341,12.14999962,1.850000024,-0.332932025,0.997971594
300,Mudflat,4,381,0.0469,0.0678,0.103200004,0.228200004,0.919079602,0.208939254,0.541891873,0.377187669,-0.207017556,0.225523219,-14.96277618,12.10714245,1.909999967,-0.738136947,0.997375309
301,Mudflat,4,382,0.0297,0.052900001,0.060600001,0.210600004,1.151579261,0.277479738,0.598481953,0.553097367,-0.067841411,0.291753113,-12.14893818,12,2,-1.386294365,1
302,Mudflat,4,383,0.040600002,0.066600002,0.108800001,0.234999999,0.925429285,0.199267358,0.558355451,0.367073864,-0.240592927,0.224342257,-15.45767975,12,2,-1.386294365,1
303,Mudflat,4,384,0.0363,0.064599998,0.095600002,0.227200001,0.964913785,0.215236664,0.557231009,0.407682776,-0.193508133,0.239912495,-13.43182468,12.21428585,1.831092477,-0.209897131,0.993717849
304,Mudflat,4,386,0.0396,0.062799998,0.090400003,0.216600001,0.961540222,0.21580027,0.550465286,0.411074907,-0.180156693,0.234572485,-12.97179413,12.53571415,1.601428628,1.170138478,0.993230462
305,Mudflat,4,387,0.030400001,0.055300001,0.0788,0.205400005,1.021218538,0.21824576,0.575757563,0.445460945,-0.17524235,0.242157623,-15.98538589,12.08571434,1.91428566,-0.682452202,0.998827696
306,Mudflat,4,388,0.019300001,0.046100002,0.058400001,0.210600004,1.206625104,0.268667251,0.640825868,0.565799236,-0.117703341,0.296879053,-12.6385994,15.90714264,0.719931722,5.398097038,0.91026634
307,Mudflat,4,389,0.0189,0.046100002,0.057399999,0.235200003,1.279891491,0.309142113,0.672236025,0.607655525,-0.109178722,0.336487502,-12.14853287,15.11428547,1.003056526,4.174809933,0.944378674
308,Mudflat,4,390,0.0306,0.052000001,0.072999999,0.190200001,1.015891552,0.209480241,0.570602775,0.445288748,-0.167999983,0.23034592,-14.13816833,12.45714283,1.642857194,0.763720036,0.995417893
309,Mudflat,4,391,0.0383,0.058800001,0.0858,0.2042,0.961127579,0.206740007,0.552851677,0.408275872,-0.186721981,0.224810123,-13.71513557,12,2,-1.386294365,1
310,Mudflat,4,392,0.053399999,0.066,0.091700003,0.184200004,0.807688475,0.17336382,0.472422063,0.335266411,-0.162967682,0.178824589,-15.36479568,12,2,-1.386294365,1
311,Mudflat,4,393,0.056499999,0.071500003,0.097199999,0.174799994,0.704701304,0.145400032,0.419407189,0.285294116,-0.152341411,0.150777191,-14.36896515,12,2,-1.386294365,1
312,Mudflat,4,394,0.045600001,0.067599997,0.096299998,0.207800001,0.875733435,0.193093657,0.509077728,0.366655707,-0.175106794,0.207996517,-15.17380524,12,2,-1.386294365,1
313,Mudflat,4,395,0.0458,0.061900001,0.086000003,0.207599998,0.954799712,0.220273882,0.540630817,0.414168924,-0.162947953,0.229838699,-16.9154377,12.08571434,1.922857165,-0.738136947,0.998242557
314,Mudflat,4,396,0.042300001,0.060600001,0.085199997,0.205599993,0.958733499,0.21506913,0.544703186,0.414030254,-0.168724254,0.228376329,-14.58346558,12.02142811,1.978571415,-1.149492145,0.999703526
315,Mudflat,4,397,0.033599999,0.047600001,0.074600004,0.197400004,1.062899113,0.220387653,0.611428559,0.451470584,-0.220949277,0.238601029,-18.22142792,11.16428566,1.435714245,1.306216002,0.991015553
316,Mudflat,4,398,0.051800001,0.069300003,0.077699997,0.122199997,0.498851478,0.092716061,0.27624017,0.222611323,-0.057142809,0.09537077,-9.956888199,15.47857189,1.324285746,2.160903931,0.992828786
317,Mudflat,4,399,0.0572,0.0735,0.076700002,0.128199995,0.522536933,0.111048803,0.271194816,0.251342088,-0.021304941,0.109589994,-11.68576145,16,1.069546938,3.620758533,0.961798489
318,Mudflat,4,400,0.041200001,0.066699997,0.071599998,0.181600004,0.897185922,0.211181089,0.46274671,0.434439212,-0.035430234,0.219065338,-10.00343704,17.3214283,0.758661926,4.929431438,0.971693277
319,Mudflat,4,401,0.089400001,0.102600001,0.100000001,0.131200001,0.257274866,0.073536344,0.122326776,0.13494809,0.012833165,0.064004377,-10.00690269,21.26428604,0.578491926,6.004475117,0.94504565
320,Mudflat,4,402,0.086499996,0.105599999,0.109800003,0.125200003,0.15045394,0.033913232,0.084922023,0.065531909,-0.019498626,0.031428572,-14.9933548,12,2,-1.386294365,1
321,Mudflat,4,403,0.066399999,0.0902,0.098399997,0.127800003,0.302450567,0.060236041,0.172477081,0.129973501,-0.043478247,0.060727086,-10.05818939,14.40714264,1.169999957,3.293796062,0.987702966
322,Mudflat,4,404,0.072400004,0.093999997,0.102799997,0.121399999,0.210166857,0.038905628,0.127205208,0.082961649,-0.044715449,0.038525272,-11.08705711,16.63571358,0.834163845,4.879493713,0.896160901
323,Mudflat,4,405,0.068599999,0.086999997,0.086599998,0.156599998,0.573543251,0.150641307,0.285714298,0.287828952,0.002304144,0.141280949,-8.786751747,26.27142906,0.720117033,5.646853924,0.980339468
324,Mudflat,4,406,0.058200002,0.070299998,0.055300001,0.112599999,0.572548509,0.142127186,0.231273934,0.341274559,0.119426727,0.12868692,-6.45880127,33.69285583,0.435364872,6.642739773,0.971625865
325,Mudflat,4,407,0.074100003,0.0836,0.091899998,0.153600007,0.546433508,0.134217992,0.29510963,0.251323849,-0.047293443,0.124144889,-9.151958466,21.75,0.589915097,6.554001808,0.915316284
326,Mudflat,4,408,0.058800001,0.0638,0.078000002,0.134599999,0.623082459,0.121814728,0.356854826,0.266227633,-0.100141056,0.119141169,-7.985362053,26.91428566,0.428846985,7.350545883,0.937959492
327,Mudflat,4,409,0.064800002,0.0726,0.078100003,0.118799999,0.448083192,0.092382416,0.241379306,0.206703886,-0.036496375,0.087602228,-7.196849823,31.25,0.57682085,5.822501659,0.983132362
328,Mudflat,4,410,0.056400001,0.064599998,0.064000003,0.108800001,0.514161229,0.104692459,0.254901975,0.259259254,0.004665593,0.09988109,-6.806585312,37.27857208,1.202268958,2.929076672,0.998019397
329,Mudflat,4,411,0.060699999,0.076300003,0.077100001,0.155200005,0.677023947,0.167949766,0.34082073,0.336203188,-0.005215115,0.159975424,-6.274176598,34.73571396,0.72750026,5.421917439,0.984780371
330,Mudflat,4,412,0.082000002,0.101499997,0.109399997,0.170399994,0.471414834,0.12584585,0.253401995,0.218012869,-0.037458509,0.117337778,-7.941475868,34.32857132,0.615243971,6.001348019,0.979907513
331,Mudflat,4,413,0.065800004,0.075599998,0.080399998,0.130199999,0.501773357,0.111250117,0.265306115,0.236467242,-0.030769227,0.105122432,-7.936655045,34.87857056,0.608812094,6.105924606,0.976628065
332,Mudflat,4,414,0.057599999,0.070799999,0.060600001,0.042399999,-0.427582443,-0.046714585,-0.2508834,-0.176699057,0.07762555,-0.045273639,-7.071894646,36.1428566,0.6451056,5.543994904,0.986972809
333,Mudflat,4,415,0.056699999,0.073399998,0.057599999,0.0638,-0.01889999,0.015749633,-0.069970839,0.051070847,0.120610684,0.014966207,-7.314533234,34.75714111,0.691789567,5.836804867,0.98770684
334,Mudflat,4,416,0.037999999,0.055,0.056000002,0.200800002,1.133839488,0.289183557,0.569976568,0.56386292,-0.009009027,0.286997885,-10.19209099,24.23571396,0.381351441,7.470518589,0.90325588
335,Mudflat,4,417,0.0678,0.084799998,0.083899997,0.156599998,0.599718571,0.157837614,0.297431648,0.302286923,0.005334916,0.14726536,-9.094144821,31,0.442793339,6.704695225,0.93484354
336,Mudflat,4,418,0.052999999,0.066200003,0.060400002,0.149800003,0.81234622,0.200502381,0.387037039,0.425309211,0.045813594,0.188820049,-6.519968987,37.92856979,1.015333652,3.943442106,0.993622661
337,Mudflat,4,419,0.0484,0.068899997,0.061000001,0.173600003,0.911718488,0.239248693,0.431752592,0.479965895,0.060815983,0.229921043,-7.080858231,37.02857208,1.148571372,2.828286648,0.997587502
338,Mudflat,4,420,0.0678,0.076200001,0.073200002,0.150600001,0.673886836,0.178951263,0.328042328,0.345844507,0.020080311,0.16040343,-5.863470078,39.79285812,1.821428537,-0.056214288,0.999774516
339,Mudflat,4,421,0.051399998,0.069799997,0.068400003,0.140599996,0.68195641,0.154869139,0.336501896,0.345454514,0.010130201,0.152750343,-6.639975548,37.52857208,1.214285731,3.176217794,0.998278677
340,Mudflat,4,422,0.063199997,0.072499998,0.069200002,0.1382,0.644508183,0.15981099,0.311817765,0.332690448,0.023288611,0.146310434,-6.384571075,37.27857208,1.079411745,3.505440712,0.997179985
341,Mudflat,4,423,0.056000002,0.081,0.072999999,0.144199997,0.608447909,0.1531578,0.28063941,0.32780847,0.051948059,0.14891243,-7.014307022,34.87857056,1.076554656,3.740058184,0.995961249
342,Mudflat,4,424,0.0656,0.085000001,0.082199998,0.169599995,0.679386795,0.186624527,0.332285911,0.347100884,0.016746428,0.17438148,-6.227537632,39.22857285,1.39142859,1.767914295,0.998498023
343,Mudflat,4,425,0.066399999,0.0792,0.0691,0.158399999,0.725860775,0.207674414,0.333333343,0.392527461,0.068105191,0.18412371,-7.934571743,30.85000038,0.47745651,6.203656197,0.96027559
344,Mudflat,4,426,0.0836,0.096000001,0.100699998,0.151600003,0.426299721,0.112730347,0.224555746,0.201743975,-0.023894243,0.101488777,-8.609893799,30.56428528,0.512100875,6.456805706,0.973047376
345,Mudflat,4,427,0.082699999,0.104199998,0.099399999,0.154799998,0.413305432,0.122463413,0.1953668,0.217938632,0.023575636,0.110182971,-7.883319378,34.97142792,0.599224865,6.083352089,0.979387105
346,Mudflat,4,428,0.0744,0.088600002,0.090499997,0.155599996,0.538891852,0.142688066,0.274365246,0.264526606,-0.01060857,0.130880579,-8.671442032,28.04285622,0.535368681,6.052807331,0.959990144
347,Mudflat,4,429,0.055199999,0.071099997,0.061999999,0.137999997,0.699942589,0.173357666,0.319942623,0.379999995,0.068369634,0.162857145,-5.950455666,36.17856979,0.655680597,5.655652523,0.986587107
348,Mudflat,4,430,0.0911,0.103399999,0.106200002,0.143199995,0.309750974,0.084309332,0.161394954,0.148356035,-0.013358791,0.074059233,-8.756844521,30.57857132,0.418495774,6.621049404,0.947009087
349,Mudflat,4,431,0.0898,0.101199999,0.104400001,0.146200001,0.348691344,0.09507779,0.18189168,0.166799679,-0.015564212,0.083533175,-8.764468193,28.83571434,0.620464444,5.839993954,0.961099625
350,Mudflat,4,432,0.0748,0.095100001,0.0986,0.153999999,0.455770284,0.116917104,0.236451223,0.219319075,-0.018069178,0.110417217,-8.573616982,30.3214283,0.462839782,6.395347118,0.958172739
351,Mudflat,4,433,0.194399998,0.215599999,0.252000004,0.30219999,0.257827014,0.092537947,0.167246029,0.090580992,-0.077844322,0.071428552,-15.5128994,12.14999962,1.850000024,-0.332932025,0.997971594
352,Mudflat,4,435,0.157800004,0.191400006,0.217600003,0.263000011,0.252035707,0.081943557,0.157570422,0.094465263,-0.064058669,0.069447286,-14.13294029,12.06428528,1.94428575,-0.913628399,0.998529851
353,Mudflat,4,436,0.173199996,0.209399998,0.240199998,0.277399987,0.211557895,0.065511391,0.139687732,0.071870148,-0.068505339,0.054834891,-10.84191895,16.37142944,0.875406981,4.32784462,0.966082335
354,Mudflat,4,437,0.145799994,0.169400007,0.188999996,0.284200013,0.454269886,0.179663345,0.253086418,0.201183468,-0.05468747,0.14673245,-12.61098671,13.14285755,1.279999971,2.357699871,0.988216043
355,Mudflat,4,438,0.097199999,0.124399997,0.133599997,0.237599999,0.592879593,0.198442996,0.312707186,0.280172437,-0.035658915,0.179063365,-9.59308815,20.87857056,0.894279122,4.470628262,0.964273334
356,Mudflat,4,439,0.224999994,0.253199995,0.274199992,0.316799998,0.183660179,0.083562195,0.111578956,0.072081231,-0.03981797,0.058570128,-17.12178802,12,2,-1.386294365,1
357,Mudflat,4,441,0.144999996,0.179000005,0.189999998,0.269800007,0.375871032,0.150873497,0.202317283,0.173553735,-0.029810278,0.124713495,-10.96525288,15.54285717,1.174285769,3.161766291,0.987505853
358,Mudflat,4,442,0.208800003,0.236599997,0.253399998,0.258599997,0.054582741,0.010717227,0.044426493,0.010156248,-0.034285717,0.007707508,1.226609945,46.70714188,0.786494613,2.483048201,0.938503802
359,Mudflat,4,443,0.222800002,0.25999999,0.288399994,0.356000006,0.260747999,0.119400904,0.155844182,0.104903802,-0.051787026,0.088605396,-14.19323444,12.19285679,1.81571424,-0.103177197,0.996838152
360,Mudflat,4,444,0.138400003,0.161799997,0.164800003,0.255400002,0.439964443,0.187779799,0.224352837,0.215611607,-0.009185567,0.147685289,-11.25383759,12.80000019,1.437142849,2.092769623,0.991526902
361,Mudflat,4,445,0.121600002,0.136800006,0.1558,0.287600011,0.652573705,0.251449972,0.355325162,0.297248542,-0.064935043,0.209561184,-12.28812027,19.25,0.564145803,6.391875267,0.819685996
362,Mudflat,4,446,0.231000006,0.263599992,0.28459999,0.348800004,0.240482554,0.121232755,0.139124781,0.101357773,-0.038307186,0.084965609,-15.21325874,12.41428566,1.657142878,0.652307928,0.995569527
363,Mudflat,4,447,0.182400003,0.216000006,0.230199993,0.317999989,0.351171732,0.164888829,0.191011205,0.160160527,-0.031824265,0.125643954,-12.88598442,12.94999981,1.244285703,2.828418493,0.986460328
364,Mudflat,4,448,0.129600003,0.152799994,0.168599993,0.215000004,0.290073037,0.092459776,0.169113681,0.120959364,-0.049159925,0.078768693,-10.99537086,18.8571434,0.55393213,5.810250759,0.943960905
365,Mudflat,4,449,0.111000001,0.139400005,0.152400002,0.226600006,0.434029728,0.141765386,0.238251358,0.19577837,-0.044551048,0.126621172,-9.20836544,18.10000038,0.706534684,5.063166618,0.960891962
366,Mudflat,4,450,0.120200001,0.142399997,0.157600001,0.246999994,0.489577353,0.17310819,0.268618375,0.220958963,-0.050666679,0.14824231,-9.022245407,24.94285774,0.531735897,6.547879696,0.957582474
367,Mudflat,4,451,0.059599999,0.0898,0.081600003,0.299800009,1.111117125,0.406361729,0.539014399,0.572102785,0.047841288,0.37134105,-11.02090263,15.19999981,1.258487344,2.710519314,0.981526494
368,Mudflat,4,452,0.116400003,0.140200004,0.154799998,0.211400002,0.357063204,0.11166352,0.202502832,0.154560357,-0.049491502,0.098014325,-9.824886322,22.70000076,0.393196642,7.012707233,0.887222826
369,Mudflat,4,453,0.123000003,0.150399998,0.170399994,0.238800004,0.394288033,0.127735883,0.227132589,0.167155445,-0.06234413,0.112846479,-7.556497574,29.95000076,0.638725579,5.883281708,0.977433801
370,Mudflat,4,454,0.202600002,0.229399994,0.255400002,0.322400004,0.284496427,0.125439987,0.168539345,0.115957081,-0.053630378,0.093245499,-14.3012352,12.91428566,1.437983155,1.812568307,0.990502059
371,Mudflat,4,455,0.150000006,0.192399994,0.217199996,0.30399999,0.391357452,0.146403998,0.224818692,0.166538745,-0.060546882,0.127497062,-12.83028412,15.85714245,0.983093143,4.210464954,0.885473728
372,Mudflat,4,456,0.203999996,0.223800004,0.265199989,0.314399987,0.253224999,0.089415528,0.16833888,0.084886126,-0.084662549,0.068358652,-13.90880013,12.04285717,1.965714335,-1.149492145,0.998819351
373,Mudflat,4,458,0.154200003,0.157800004,0.216399997,0.384799987,0.698462486,0.275758177,0.418356031,0.280106455,-0.156600729,0.229386106,-15.38633156,13.27142811,1.490323544,1.601255774,0.939094782
374,Water,7,459,0.075300001,0.0942,0.0704,0.023,-1.115003228,-0.134559706,-0.60750854,-0.507494628,0.144592956,-0.119817995,-20.53709793,10.55000019,1.657868147,0.902416289,0.971222103
375,Water,7,462,0.074600004,0.088399999,0.089599997,0.134399995,0.406463176,0.10067416,0.206463188,0.200000003,-0.006741562,0.092817679,-11.53505898,19.56428528,0.492795795,6.515487194,0.84296447
376,Water,7,463,0.075000003,0.089000002,0.0858,0.0528,-0.493384391,-0.082081385,-0.255289137,-0.238095239,0.018306648,-0.077513307,-20.33080482,11.94285679,1.127534032,3.22286272,0.93874079
377,Water,7,465,0.065800004,0.071800001,0.059799999,0.088500001,0.297706306,0.07522542,0.104179658,0.193526641,0.091185428,0.066404447,-9.600852966,24.06428528,0.395082593,7.21025753,0.933184087
378,Water,7,466,0.068899997,0.079000004,0.0748,0.082000002,0.064551912,0.01775061,0.018633531,0.045918383,0.027308218,0.016443368,-10.45052528,20.04999924,0.68333441,5.304344654,0.943915427
379,Water,7,467,0.0682,0.0792,0.066500001,0.052700002,-0.316681564,-0.036694318,-0.200909764,-0.1157718,0.0871654,-0.03343023,-13.43013287,16.61428642,0.746468604,4.954683781,0.85634923
380,Water,7,468,0.071800001,0.087399997,0.073200002,0.032600001,-0.840409577,-0.10875389,-0.456666648,-0.383742929,0.088418394,-0.100528233,-15.45914078,14.94285679,0.841214955,4.499209404,0.899719834
381,Water,7,469,0.083099999,0.101800002,0.107600003,0.065800004,-0.455858231,-0.096034549,-0.214797124,-0.241061121,-0.027698191,-0.093109593,-20.51294708,11.05714321,1.430838108,2.06058979,0.949710727
382,Water,7,471,0.079499997,0.099600002,0.098999999,0.051199999,-0.63919729,-0.113923445,-0.320954919,-0.318242341,0.003021162,-0.110273764,-22.40626144,6.550000191,0.987142861,3.99553299,0.900694251
383,Water,7,472,0.081600003,0.091399997,0.069399998,0.0133,-1.42429626,-0.17151767,-0.745940804,-0.678355515,0.13681592,-0.144413933,-21.03745651,7.91428566,1.265714288,3.087718248,0.955021858
384,Water,7,473,0.076800004,0.092,0.071999997,0.053199999,-0.417377383,-0.051693793,-0.267217636,-0.150159732,0.121951245,-0.045105562,-11.75549221,18.1428566,0.489262581,6.60949707,0.874512553
385,Water,7,474,0.076399997,0.088799998,0.068400003,0.059999999,-0.258968979,-0.023400947,-0.193548381,-0.06542059,0.129770964,-0.020050934,-11.69333267,18.36428642,0.700962961,5.224878311,0.893521547
386,Water,7,475,0.0656,0.076200001,0.0612,0.095600002,0.332309753,0.088586733,0.112922005,0.219387755,0.10917031,0.078562729,-9.545500755,24.33571434,0.403580904,7.055487633,0.874052286
387,Water,7,476,0.057399999,0.075199999,0.0612,0.142399997,0.707644701,0.188119724,0.308823526,0.398821205,0.102639288,0.17310971,-8.852840424,22.80714226,0.877394974,4.2688694,0.988825738
388,Water,7,477,0.047800001,0.068899997,0.0559,0.124200001,0.66561389,0.155072197,0.286380142,0.379233778,0.104166642,0.150639609,-7.599121094,32.04285812,0.445751697,6.690705299,0.96641922
389,Water,7,478,0.054000001,0.0713,0.060199998,0.133000001,0.678818464,0.167095125,0.302006871,0.376811624,0.08441066,0.157530308,-7.383145332,29.20000076,0.376327872,7.042481422,0.919559836
390,Water,7,479,0.053800002,0.079000004,0.0616,0.1118,0.461411774,0.116430096,0.171907738,0.289504051,0.123755358,0.111820616,-9.235160828,20.88571358,0.717170298,5.63092947,0.971097529
391,Water,7,483,0.056699999,0.072800003,0.044599999,0.024900001,-0.773729563,-0.056788694,-0.490276366,-0.283453226,0.240204468,-0.051887617,-13.01049232,16.04285622,0.703734756,5.13525629,0.854248703
392,Water,7,484,0.040199999,0.0506,0.033500001,0.050900001,0.209116817,0.045770202,0.002955678,0.206161141,0.203329355,0.04466119,-8.010735512,31.59285736,0.432656527,6.99498415,0.957233548
393,Water,7,487,0.093999997,0.112800002,0.1052,0.064999998,-0.505034149,-0.101392254,-0.268841416,-0.236192733,0.034862395,-0.089973152,-12.84176064,14.37857151,1.043910742,3.891261339,0.975979447
394,Water,7,488,0.069399998,0.0911,0.0876,0.104800001,0.159330741,0.038742229,0.069933645,0.089397095,0.019585896,0.037261698,-9.789108276,22.77142906,0.561326325,5.983525753,0.930495918
395,Water,7,489,0.068400003,0.082400002,0.070799999,0.060800001,-0.226825818,-0.025704293,-0.150837988,-0.075987823,0.07571803,-0.023749202,-12.41366386,19.10000038,0.518704534,5.928321362,0.796079159
396,Dense_Mangrove,5,490,0.017100001,0.0298,0.0198,0.236399993,1.621541381,0.441338271,0.776108205,0.845433235,0.201612905,0.429648221,-10.53281784,18.40714264,0.987025499,4.340944767,0.966985524
397,Dense_Mangrove,5,491,0.018200001,0.028200001,0.018300001,0.259799987,1.672559261,0.489619642,0.804166675,0.868392646,0.212903216,0.465557098,-8.639318466,27.72857094,0.739676774,5.061567783,0.985775054
398,Dense_Mangrove,5,492,0.0098,0.025900001,0.015,0.255600005,1.70512104,0.47284019,0.815985799,0.889135242,0.266503692,0.468336374,-8.74401474,25.49285698,0.718682528,5.459893227,0.979120433
399,Dense_Mangrove,5,493,0.0118,0.0229,0.0116,0.270999998,1.762069821,0.517929852,0.84416467,0.917905152,0.327536255,0.497188866,-7.099195957,23.4285717,0.546265066,6.682279587,0.931261003
400,Dense_Mangrove,5,495,0.0094,0.024,0.011,0.262199998,1.751757979,0.499324173,0.832285106,0.919472933,0.371428579,0.4873254,-8.296802521,24.9285717,0.431860536,6.750291824,0.954203188
401,Dense_Mangrove,5,496,0.0007,0.0198,0.0119,0.273000002,1.781216025,0.487436056,0.864754081,0.916461945,0.249211341,0.498980761,-9.149430275,24.66428566,0.871926308,5.067839622,0.982873797
402,Dense_Mangrove,5,497,0.0043,0.0262,0.0132,0.262600005,1.722838044,0.47611776,0.818559587,0.904278457,0.32994923,0.482211918,-8.158027649,26.77857208,0.604501009,6.039643764,0.972675681
403,Dense_Mangrove,5,498,0.0042,0.0352,0.0123,0.370400012,1.76214993,0.63371557,0.826429963,0.935719907,0.482105285,0.608530641,-7.216932297,27.7857151,0.520849228,6.962967873,0.966024995
404,Dense_Mangrove,5,499,0.0115,0.033399999,0.018200001,0.290600002,1.675951481,0.518442392,0.793827176,0.882124364,0.294573605,0.505192876,-7.941411972,28.85000038,0.722436965,5.119446278,0.989611864
405,Dense_Mangrove,5,500,0.0125,0.030200001,0.015900001,0.277399987,1.695219636,0.511121511,0.803641081,0.891578555,0.310195208,0.49445352,-9.302841187,25.9285717,0.603605092,6.135001659,0.960703015
406,Dense_Mangrove,5,503,0.0176,0.034299999,0.0185,0.271800011,1.648435831,0.506276011,0.775890231,0.87254566,0.299242407,0.480766803,-7.924950123,28.34285736,0.771480262,5.189525127,0.988863051
407,Dense_Mangrove,5,504,0.0164,0.0286,0.0197,0.230800003,1.622205734,0.430464923,0.779491127,0.842714548,0.184265003,0.42191872,-10.94364738,19.22142792,0.615234375,5.798932076,0.929826498
408,Dense_Mangrove,5,507,0.017899999,0.034200002,0.0255,0.188800007,1.455289364,0.338081241,0.693273544,0.762015879,0.145728678,0.342923164,-8.660951614,24.8214283,0.836606324,4.706861973,0.986523271
409,Dense_Mangrove,5,508,0.0132,0.0294,0.0188,0.250200003,1.649922609,0.457674056,0.789699554,0.860223055,0.219917029,0.451365411,-8.410686493,27.52857208,0.663433552,5.844830513,0.96962899
410,Dense_Mangrove,5,510,0.0115,0.034600001,0.0155,0.297199994,1.692304015,0.540089726,0.791440606,0.900863469,0.381237537,0.519933522,-7.945688725,24.92142868,0.569984317,6.655048847,0.966512322
411,Dense_Mangrove,5,511,0.0086,0.0308,0.0153,0.284200013,1.702274203,0.51258105,0.804444432,0.897829711,0.336225599,0.504502833,-8.676927567,25.04999924,0.429052472,6.032039642,0.954963267
412,Dense_Mangrove,5,512,0.0079,0.0308,0.015799999,0.240199998,1.649256229,0.439741313,0.772693753,0.876562476,0.321888417,0.445238084,-9.979902267,17.83571434,1.078873873,3.43482089,0.968544126
413,Dense_Mangrove,5,513,0.0095,0.0264,0.0115,0.253600001,1.72466886,0.483677626,0.811428547,0.913240314,0.393139839,0.474643826,-8.067792892,29.30714226,0.7876755,5.327326298,0.983316183
414,Dense_Mangrove,5,514,0.0121,0.033,0.0166,0.256599993,1.650576711,0.474139631,0.772099435,0.878477275,0.330645174,0.46559751,-10.0408802,20.5,0.520969391,5.948964119,0.947830617
415,Dense_Mangrove,5,515,0.017999999,0.0308,0.0174,0.269800007,1.673906565,0.5091995,0.795076549,0.878830075,0.278008282,0.48094514,-8.282118797,31.72142792,0.503304064,6.417345047,0.962141156
416,Dense_Mangrove,5,516,0.015799999,0.031599998,0.0189,0.225199997,1.599039555,0.422711253,0.753894091,0.845145404,0.251485139,0.415871531,-7.556128502,28.45000076,0.491186351,7.219786167,0.956309259
417,Dense_Mangrove,5,517,0.0217,0.032699998,0.0196,0.229800001,1.593679905,0.443590939,0.750857174,0.84282279,0.25047797,0.420736581,-8.898889542,25.04285622,0.331574768,7.564464569,0.93020761
418,Dense_Mangrove,5,518,0.0165,0.034000002,0.0206,0.228200004,1.575061083,0.42262122,0.740655959,0.834405124,0.245421261,0.415865391,-8.067617416,29.35000038,0.564559281,6.085508347,0.968295097
419,Dense_Mangrove,5,519,0.018999999,0.0297,0.0165,0.257600009,1.67285347,0.496458292,0.793247461,0.879606009,0.285714298,0.467187703,-8.318437576,27.22142792,0.786418855,4.853259563,0.983801425
420,Dense_Mangrove,5,520,0.0178,0.032000002,0.02,0.249599993,1.62435925,0.464363724,0.772727251,0.851632059,0.230769262,0.447505176,-7.741434097,28.40714264,0.472219676,6.502734184,0.966106057
421,Dense_Mangrove,5,521,0,0.027000001,0.0074,0.279000014,1.771853447,0.513072431,0.823529422,0.948324025,0.569767475,0.518056989,-10.80856133,16.47142792,0.874542534,4.456380844,0.96096617
422,Dense_Mangrove,5,522,0,0.026699999,0.0067,0.314399987,1.801716089,0.567879796,0.843447685,0.958268464,0.598802388,0.562111795,-9.047117233,20.08571434,0.797815144,4.862679958,0.980754554
423,Sparse_Mangrove,6,538,0.045600001,0.063699998,0.0414,0.267800003,1.347898483,0.482030332,0.615686297,0.732212186,0.212178856,0.419673741,-8.02814579,29.22142792,0.490695983,7.189007282,0.970778108
424,Sparse_Mangrove,6,540,0.035799999,0.059,0.042399999,0.273000002,1.375713348,0.457939476,0.644578338,0.73113507,0.163708106,0.424208969,-8.120960236,30.9285717,0.926606357,4.492377281,0.991673827
425,Sparse_Mangrove,6,541,0.035,0.057999998,0.043400001,0.27759999,1.383945465,0.459035665,0.6543504,0.729595006,0.143984199,0.427892804,-7.780157089,26.62857056,0.60385263,5.674624443,0.981966972
426,Sparse_Mangrove,6,542,0.0272,0.056400001,0.036699999,0.289400011,1.448715568,0.483877152,0.673799872,0.774915695,0.211600453,0.458842784,-7.821835041,26.98571396,0.425647765,7.270061493,0.940202057
427,Sparse_Mangrove,6,543,0.021199999,0.050099999,0.026799999,0.312000006,1.565075397,0.542700589,0.723280847,0.84179455,0.302990913,0.510014296,-6.508024216,34.29285812,0.936096609,4.198764801,0.981632411
428,Sparse_Mangrove,6,544,0.0306,0.057799999,0.033599999,0.312000006,1.492954135,0.542013884,0.687398612,0.805555582,0.26477024,0.493850529,-6.919950485,31.39999962,0.385422587,6.122216702,0.971608937
429,Sparse_Mangrove,6,545,0.0266,0.054400001,0.031599998,0.289799988,1.487264991,0.504336238,0.683904707,0.803360283,0.265116304,0.471512049,-8.16165638,28.60000038,0.401620388,6.769868374,0.920729339
430,Sparse_Mangrove,6,546,0.0308,0.056400001,0.0352,0.292400002,1.461709261,0.505264819,0.676605523,0.785103798,0.231441066,0.466167241,-7.457094193,30,0.50753969,6.393774033,0.967487931
431,Sparse_Mangrove,6,548,0.0254,0.055199999,0.030999999,0.298999995,1.500432849,0.51757437,0.688311696,0.812121212,0.280742466,0.48433733,-7.87047863,27.5,0.738280535,5.113261223,0.98641032
432,Sparse_Mangrove,6,557,0.038199998,0.067199998,0.034499999,0.314399987,1.45003438,0.566645026,0.647798717,0.802235603,0.321533918,0.494581223,-8.079781532,29.55714226,0.767828345,5.34062624,0.980729103
433,Sparse_Mangrove,6,558,0.0274,0.064499997,0.033100002,0.311199993,1.464366794,0.533044517,0.656640947,0.807725787,0.321721256,0.494077921,-8.83303833,21.62142944,0.582747936,5.830004215,0.959097505
434,Sparse_Mangrove,6,560,0.0208,0.053399999,0.026799999,0.340799987,1.583260894,0.583382845,0.729071558,0.854189336,0.331670821,0.542876899,-8.808009148,26.76428604,0.534266055,6.340001106,0.958021939
435,Sparse_Mangrove,6,562,0.027100001,0.0605,0.032099999,0.312400013,1.489159226,0.538313806,0.675516248,0.813642979,0.306695461,0.497868568,-8.322803497,25.83571434,0.686444521,6.020342827,0.969170868
436,Sparse_Mangrove,6,564,0.023600001,0.059799999,0.0308,0.327199996,1.51888907,0.555056155,0.690956056,0.827932954,0.320088297,0.518181801,-7.851571083,31.93571472,0.517513752,6.319544315,0.976736546
437,Sparse_Mangrove,6,565,0.035999998,0.063699998,0.037799999,0.284200013,1.399020195,0.496373922,0.633802831,0.765217423,0.255172402,0.449635059,-6.931670189,34.2142868,0.755608678,5.352392673,0.990785539
438,Sparse_Mangrove,6,570,0.041000001,0.067000002,0.032400001,0.352800012,1.512576103,0.646124065,0.680800378,0.831775725,0.348088533,0.542928159,-7.450193405,32.17856979,0.492686003,7.001032829,0.975810707
439,Sparse_Mangrove,6,571,0.0407,0.0572,0.040800001,0.308800012,1.45402205,0.536708474,0.687431693,0.766590416,0.167346925,0.473163843,-8.527237892,27.40714264,0.644258857,6.144884109,0.975530684
440,Sparse_Mangrove,6,572,0.030200001,0.062600002,0.027899999,0.389200002,1.589105368,0.679084301,0.722886205,0.866219163,0.383425444,0.590938807,-9.065320015,26.3928566,0.578263223,6.44094944,0.937871277
441,Sparse_Mangrove,6,573,0.033599999,0.0614,0.0284,0.376800001,1.579584956,0.672483027,0.719762683,0.859822333,0.367483288,0.577331007,-9.072973251,23.29999924,0.712734282,5.595880508,0.970328391
442,Sparse_Mangrove,6,574,0.031800002,0.058800001,0.0288,0.425199986,1.630152583,0.72894448,0.757024765,0.873127759,0.342465758,0.623270452,-7.129311085,29.86428642,0.481979877,6.419333935,0.972391605
443,Sparse_Mangrove,6,575,0.032099999,0.057399999,0.0308,0.308800012,1.505120277,0.554735243,0.686510146,0.818610132,0.301587313,0.49666509,-7.075397491,28.75714302,0.499819577,6.744506359,0.96134603
444,Sparse_Mangrove,6,576,0.028899999,0.054699998,0.031099999,0.318399996,1.528812528,0.557539284,0.70678103,0.822031498,0.27505827,0.50729841,-9.520002365,21.47142792,0.778088033,4.784486294,0.960905254
445,Sparse_Mangrove,6,577,0.034400001,0.057,0.030200001,0.309399992,1.511008263,0.56628263,0.688864648,0.822143674,0.30733943,0.49880895,-7.31548214,32.8928566,0.498586148,6.696074486,0.968903899
446,Sparse_Mangrove,6,580,0.033199999,0.0546,0.031800002,0.315200001,1.521419883,0.563643575,0.704705238,0.816714704,0.263888866,0.50188899,-7.157185555,37.74285889,0.942857146,3.824348211,0.996121883
447,Sparse_Mangrove,6,581,0.035999998,0.0594,0.038800001,0.307399988,1.451969862,0.5286569,0.676117778,0.775852084,0.209775954,0.476128548,-6.202147484,36.82143021,0.979877174,4.198471546,0.99596101
448,Sparse_Mangrove,6,582,0.031800002,0.057,0.031300001,0.330000013,1.532163143,0.583717704,0.705426395,0.826736808,0.291053206,0.520202041,-7.281080246,34.40714264,0.736762226,5.262742043,0.990364015
449,Sparse_Mangrove,6,583,0.043099999,0.057700001,0.040100001,0.274199992,1.397134662,0.491166949,0.652304888,0.744829774,0.179959103,0.431229264,-6.662014961,38.07857132,1.071810007,3.566250563,0.996004581
450,Sparse_Mangrove,6,584,0.034400001,0.062199999,0.032499999,0.321999997,1.492853522,0.57486099,0.676210284,0.816643178,0.313621968,0.508191943,-6.880776405,31.22142792,0.495438248,6.754664421,0.972646058
451,Sparse_Mangrove,6,585,0.034200002,0.054400001,0.0288,0.269199997,1.470493793,0.506959081,0.663782418,0.806711435,0.307692319,0.45187971,-7.142575741,33.5,0.515419602,6.532306194,0.975874245
452,Sparse_Mangrove,6,586,0.0392,0.056000002,0.037799999,0.255400002,1.382489443,0.457835376,0.640333951,0.742155552,0.194029883,0.411497742,-7.483584404,32.59285736,0.460707724,6.102900505,0.968546212
453,Sparse_Mangrove,6,587,0.0317,0.057,0.036400001,0.256399989,1.387613654,0.444606096,0.636247575,0.751366079,0.220556721,0.416246206,-7.962368011,32.16428757,0.618256629,6.660731792,0.971181214
454,Sparse_Mangrove,6,588,0.035399999,0.057500001,0.034200002,0.329600006,1.514903784,0.581816733,0.702919126,0.811984599,0.254089415,0.512965977,-9.57371521,29.9285717,0.424792469,7.316559792,0.955552816
455,Sparse_Mangrove,6,590,0.0242,0.053399999,0.031399999,0.300000012,1.508293748,0.51381135,0.697792888,0.81050092,0.259433955,0.484604299,-8.373660088,22.47142792,0.456395328,6.497307777,0.939943016
456,Sparse_Mangrove,6,592,0.025900001,0.058899999,0.036200002,0.325599998,1.493517518,0.536502182,0.693628073,0.799889445,0.238696069,0.503713131,-8.074418068,29.02857208,0.427980721,7.345726967,0.962545455
457,Sparse_Mangrove,6,593,0.036600001,0.059799999,0.032200001,0.288599998,1.455968261,0.530936778,0.656716406,0.799251854,0.299999982,0.468567252,-6.035923958,35.0357132,0.59673214,5.34696722,0.984559953
458,Sparse_Mangrove,6,594,0.034600001,0.0623,0.044599999,0.257800013,1.315773129,0.42104435,0.610746682,0.705026448,0.165575325,0.398554355,-9.249408722,17.42142868,0.954537809,4.207042694,0.981226504
459,Sparse_Mangrove,6,595,0.035999998,0.073200002,0.046300001,0.250800014,1.236468554,0.406205326,0.548148155,0.688320458,0.2251046,0.384832531,-8.853638649,21.76428604,0.571990013,5.871573925,0.968271196
460,Sparse_Mangrove,6,596,0.030200001,0.061799999,0.036800001,0.280000001,1.406061769,0.477124691,0.638384998,0.767676771,0.253549695,0.446620971,-9.388778687,19.7142849,0.595944703,6.24960947,0.924603164
461,Sparse_Mangrove,6,597,0.044599999,0.059,0.0429,0.231600001,1.281375289,0.40861845,0.593943536,0.687431693,0.15799804,0.365461588,-7.605554581,26.55714226,0.532995701,6.924929142,0.963238478
462,Sparse_Mangrove,6,598,0.0306,0.056400001,0.033100002,0.291200012,1.471357107,0.511981308,0.675489068,0.795868039,0.260335177,0.469671249,-10.30187702,17.50714302,0.937071741,4.272290707,0.971166492
463,Sparse_Mangrove,6,599,0.024499999,0.053199999,0.029100001,0.290199995,1.507883549,0.509542942,0.690157235,0.817726254,0.292831093,0.478030026,-12.01983547,13.10000038,1.371428609,1.292165041,0.992716432
464,Sparse_Mangrove,6,600,0.022500001,0.052900001,0.033799998,0.265199989,1.441313267,0.445256859,0.667400181,0.773913026,0.220299914,0.434418023,-8.916221619,23.56428528,0.556258738,5.823877335,0.964718223
465,Sparse_Mangrove,6,601,0.023399999,0.0526,0.0307,0.270200014,1.470047116,0.468175799,0.674101651,0.795945525,0.262905151,0.448557884,-9.921171188,15.75714302,1.268571377,2.959019184,0.991561174
466,Sparse_Mangrove,6,602,0.032400001,0.060600001,0.0352,0.276600003,1.414783597,0.484816849,0.640569389,0.774214268,0.265135705,0.446045816,-10.00219727,22.02857208,0.41267854,6.608726501,0.905963302
467,Sparse_Mangrove,6,603,0.033,0.059799999,0.034000002,0.256599993,1.387998819,0.458742052,0.621997476,0.766001344,0.275053263,0.422337443,-9.582736969,19.52142906,0.62019223,6.205062389,0.952940762
468,Sparse_Mangrove,6,604,0.031099999,0.0634,0.038699999,0.280000001,1.387889743,0.471675992,0.630751312,0.757138371,0.241919696,0.442103326,-8.801553726,26.86428642,0.612776756,5.922544479,0.960958898
469,Sparse_Mangrove,6,605,0.033599999,0.068599999,0.041200001,0.290600002,1.36969769,0.484912127,0.618040085,0.751657605,0.249544606,0.449747533,-10.33819008,20.76428604,0.490543842,6.465200424,0.903699279
470,Dense_Mangrove,5,606,0.0166,0.0262,0.019200001,0.210800007,1.611946464,0.398668349,0.778902948,0.833043456,0.154184997,0.393698633,-8.684093475,22.50714302,0.989586294,3.490266323,0.985310078
471,Dense_Mangrove,5,607,0.020099999,0.035399999,0.022,0.250400007,1.590747118,0.463605732,0.752274334,0.838472843,0.233449474,0.443552583,-8.802573204,22.54285622,0.810226262,5.180074215,0.980090439
472,Dense_Mangrove,5,608,0.0176,0.029200001,0.018200001,0.219400004,1.611885786,0.420357674,0.765084445,0.846801341,0.232067496,0.409164876,-9.156887054,20.83571434,0.634770513,5.918784618,0.97258383
473,Dense_Mangrove,5,609,0.0166,0.029999999,0.017999999,0.246000007,1.646245122,0.463603109,0.782608688,0.863636374,0.25,0.447643995,-6.265962124,32.54999924,0.457760096,6.588271618,0.973271191
474,Dense_Mangrove,5,610,0.0403,0.047200002,0.035700001,0.2042,1.326878786,0.377413422,0.624502778,0.702376008,0.138721362,0.341600209,-8.785056114,27.07857132,0.480196327,6.828320026,0.936980307
475,Dense_Mangrove,5,611,0.025599999,0.039999999,0.024,0.226999998,1.509139419,0.430449516,0.700374544,0.808764935,0.249999985,0.405459374,-7.939400673,31.40714264,0.544148445,6.587967873,0.972337127
476,Dense_Mangrove,5,612,0.032000002,0.045899998,0.033,0.189600006,1.313695192,0.341146767,0.610191107,0.703504026,0.163498089,0.325076133,-7.869639874,28.40714264,0.378537297,7.287426472,0.952021301
477,Dense_Mangrove,5,613,0.039299998,0.0484,0.035300002,0.231000006,1.388428807,0.426157385,0.653543293,0.734885454,0.156511322,0.383074522,-7.767125607,30.88571358,0.499590248,6.69154501,0.966264665
478,Dense_Mangrove,5,614,0.033799998,0.043200001,0.029200001,0.214399993,1.424858928,0.40753454,0.66459626,0.760262728,0.193370163,0.373587936,-6.617184639,37.1428566,1.328571439,2.566511393,0.997912467
479,Dense_Mangrove,5,615,0.035100002,0.044199999,0.030400001,0.216999993,1.415806174,0.410597175,0.661562026,0.754244149,0.184986576,0.374498248,-7.434493065,31.8214283,0.507659018,6.483897209,0.979860961
480,Dense_Mangrove,5,616,0.018300001,0.0283,0.015900001,0.214200005,1.628397107,0.422868609,0.766597927,0.86179924,0.28054297,0.407409936,-7.394199371,27.45714378,0.338301122,7.342215061,0.931720316
481,Dense_Mangrove,5,617,0.031199999,0.040100001,0.025900001,0.251399994,1.538070083,0.480687231,0.724871337,0.813198686,0.215151519,0.43516016,-8.270545959,25.82857132,0.419945627,6.918242455,0.94589287
482,Dense_Mangrove,5,618,0.0317,0.043900002,0.0308,0.260399997,1.499930501,0.475382,0.711468935,0.788461566,0.17536816,0.435288161,-7.576875687,26.84285736,0.492635548,6.763297558,0.966060638
483,Dense_Mangrove,5,619,0.023600001,0.035599999,0.015,0.264800012,1.655763268,0.530225873,0.762982726,0.892780542,0.407114625,0.480507851,-7.391008377,34.34285736,0.907860398,4.81867075,0.994006038
484,Dense_Mangrove,5,620,0.0359,0.0484,0.0319,0.204999998,1.348683357,0.383932918,0.617995262,0.730688035,0.205479458,0.352354467,-6.886630058,35.20714188,0.879075646,4.322572708,0.995098889
485,Dense_Mangrove,5,621,0.0275,0.041700002,0.027000001,0.237200007,1.496577501,0.44050464,0.700968087,0.795609415,0.213973805,0.412588328,-7.368171692,33.17856979,0.489536047,6.345648766,0.980263591
486,Dense_Mangrove,5,622,0.033100002,0.046100002,0.030400001,0.199200004,1.35932529,0.372347474,0.624133706,0.735191643,0.205228776,0.347039491,-8.644178391,27.69285774,0.386550963,7.591321468,0.938375115
487,Dense_Mangrove,5,623,0.0348,0.046999998,0.034499999,0.243200004,1.427615881,0.438740343,0.676085472,0.751530409,0.153374225,0.402533114,-9.013421059,27.43571472,0.471146911,6.630319118,0.943283916
488,Dense_Mangrove,5,624,0.034000002,0.043900002,0.032000002,0.211999997,1.39460206,0.391644895,0.656897187,0.737704933,0.156785235,0.362903208,-6.52865696,35.67856979,0.706567049,5.692511082,0.987120748
489,Dense_Mangrove,5,625,0.034400001,0.0427,0.0287,0.212200001,1.426693559,0.407270968,0.664966643,0.761726856,0.196078435,0.371507615,-7.492334843,26.77142906,0.343928635,7.602511406,0.922870278
490,Dense_Mangrove,5,626,0.033,0.040899999,0.028999999,0.215000004,1.442638993,0.407358736,0.680343866,0.762295067,0.170243219,0.375,-7.043056488,30.88571358,0.427153558,7.225615501,0.953412235
491,Dense_Mangrove,5,627,0.032099999,0.038800001,0.0276,0.206799999,1.448544145,0.39588213,0.684039056,0.764505148,0.168674722,0.36601308,-6.975131035,33.02142715,0.702197075,5.583917141,0.982252777
492,Dense_Mangrove,5,628,0.026900001,0.038800001,0.0261,0.198599994,1.440815806,0.37387836,0.673125505,0.767690241,0.195685685,0.35704428,-8.7924366,24.9642849,0.677260816,5.706837177,0.958080411
493,Dense_Mangrove,5,629,0.0285,0.0416,0.027000001,0.244200006,1.509772301,0.455365002,0.708887339,0.800884962,0.212827981,0.4224585,-8.59636116,27.20714378,0.938721299,4.103691101,0.99011302
494,Dense_Mangrove,5,630,0.0309,0.040100001,0.0261,0.283399999,1.583427429,0.532381535,0.75208652,0.831340849,0.211480364,0.476775795,-8.620985031,25.92142868,0.571397781,6.603302956,0.951678336
495,Dense_Mangrove,5,631,0.0286,0.040399998,0.0239,0.235400006,1.522691607,0.454135537,0.707034111,0.815657556,0.256609619,0.417819053,-8.348163605,27.35000038,0.392208725,7.072333336,0.949479103
496,Dense_Mangrove,5,632,0.0295,0.043299999,0.030300001,0.227599993,1.445350051,0.415141165,0.680324852,0.765025198,0.176630408,0.390486866,-7.835449219,27.27857208,0.603520274,5.87806797,0.97836709
497,Dense_Mangrove,5,633,0.0231,0.0359,0.020500001,0.253600001,1.602405787,0.484273076,0.751986206,0.850419581,0.273049653,0.451685816,-8.516187668,21.58571434,0.754957974,4.75056982,0.981997192
498,Dense_Mangrove,5,634,0.029999999,0.042599998,0.025599999,0.245000005,1.514546037,0.467365384,0.70375526,0.810790837,0.249266863,0.427069813,-9.104879379,21.3571434,0.708686888,5.53546381,0.966081083
499,Dense_Mangrove,5,635,0.028000001,0.039000001,0.0262,0.210800007,1.466653109,0.398531973,0.68775022,0.778902948,0.196319029,0.375712365,-8.742090225,27.10000038,0.647616208,5.441762924,0.972652674
500,Dense_Mangrove,5,638,0.038699999,0.044799998,0.0298,0.207599998,1.393954873,0.405510187,0.645007908,0.748946905,0.20107238,0.361676157,-7.695261478,31.99285698,0.568996608,6.38412571,0.979777932
501,Dense_Mangrove,5,645,0.012,0.0307,0.0173,0.252600014,1.655073047,0.464505702,0.783268631,0.871804357,0.279166669,0.458436191,-7.970674992,28.60000038,0.517185807,6.104685783,0.977267325
502,Dense_Mangrove,5,646,0.0128,0.027100001,0.017200001,0.268400013,1.696133852,0.492317349,0.816582084,0.879551828,0.223476291,0.479633421,-8.732816696,23.9642849,0.600546777,6.184519768,0.970769286
503,Dense_Mangrove,5,647,0.0126,0.0288,0.0185,0.257800013,1.665110588,0.469473451,0.799023032,0.866087615,0.217758968,0.462385684,-8.618675232,19.9285717,0.669049799,5.278166294,0.972073734
504,Dense_Mangrove,5,648,0.0239,0.035500001,0.0207,0.232800007,1.572057247,0.450222909,0.735370874,0.836686373,0.263345212,0.422229618,-9.438108444,21.40714264,0.460626751,6.487670422,0.936778367
505,Dense_Mangrove,5,649,0.021199999,0.032600001,0.0206,0.25,1.617030978,0.472171903,0.769285202,0.847745776,0.225563914,0.44653517,-9.865107536,19.82857132,0.629825473,5.261953831,0.967810392
506,Dense_Mangrove,5,650,0.0222,0.026799999,0.020400001,0.231600001,1.630664945,0.444631577,0.792569637,0.838095248,0.135593191,0.421276599,-8.253659248,26.12142944,0.406359583,7.149496078,0.942516327
507,Dense_Mangrove,5,651,0.013,0.0305,0.02,0.251199991,1.63596499,0.453796029,0.783457577,0.852507353,0.207920805,0.449688792,-7.80327034,26.45714378,0.775206864,5.238955021,0.974284232
508,Dense_Mangrove,5,652,0.017999999,0.0298,0.0177,0.251800001,1.656997919,0.478536397,0.788352251,0.868645668,0.254736841,0.456335276,-8.141539574,27.67142868,0.671795666,6.23078537,0.979345977
509,Dense_Mangrove,5,653,0.0209,0.0339,0.0196,0.271400005,1.643215418,0.510854125,0.777923346,0.865292072,0.267289728,0.477496833,-8.03989315,27.45000076,0.322481751,7.756545544,0.929501891
510,Dense_Mangrove,5,654,0.0173,0.030999999,0.0166,0.247999996,1.652305365,0.475017458,0.777777791,0.874527574,0.30252102,0.453962862,-10.19804192,21.54285622,0.357403964,6.813213348,0.872835219
511,Dense_Mangrove,5,655,0.027000001,0.038800001,0.023399999,0.248999998,1.55856216,0.475187451,0.730368316,0.828193843,0.247588456,0.438114971,-8.590778351,25.74285698,0.545056641,6.017110825,0.9654755
512,Dense_Mangrove,5,656,0.019200001,0.0308,0.024,0.228799999,1.572838426,0.416666657,0.762711883,0.810126603,0.124087587,0.408076525,-7.99623251,22.79999924,0.524564207,6.310043812,0.960059583
513,Dense_Mangrove,5,657,0.0231,0.033199999,0.018100001,0.223000005,1.590682268,0.442223847,0.740827501,0.849854827,0.294346958,0.41472137,-7.164087772,31.29285622,0.494040072,6.938565254,0.958763897
514,Dense_Mangrove,5,658,0.0167,0.0288,0.022600001,0.248999998,1.626235366,0.449438184,0.7926566,0.833578765,0.120622545,0.440124422,-9.069860458,24.87142944,0.693937421,5.650183201,0.976580918
515,Dense_Mangrove,5,659,0.020199999,0.033799998,0.0233,0.234200001,1.566790342,0.431288332,0.74776119,0.819029152,0.183887899,0.417623758,-9.031617165,21.0714283,0.855232,4.804360867,0.97802335
516,Dense_Mangrove,5,660,0.021400001,0.0348,0.019400001,0.282799989,1.652464628,0.531605721,0.780856431,0.871608198,0.284132838,0.492520541,-8.757957458,23.33571434,0.440993905,6.569587708,0.943325758
517,Dense_Mangrove,5,661,0.0317,0.040199999,0.028899999,0.234799996,1.488447905,0.439788103,0.707636356,0.780811548,0.16353111,0.404412717,-9.160648346,24.6785717,0.39068225,7.289321423,0.948461413
518,Dense_Mangrove,5,662,0.026699999,0.038899999,0.0273,0.228400007,1.495409846,0.421787828,0.708941281,0.786468506,0.175226569,0.399166346,-9.319648743,20.8571434,0.852695525,4.538287163,0.981902778
519,Dense_Mangrove,5,663,0.028200001,0.040399998,0.0262,0.247400001,1.527729034,0.463498443,0.719249487,0.808479548,0.21321319,0.428903818,-8.078853607,26.3214283,0.455404699,6.621597767,0.971075296
520,Dense_Mangrove,5,664,0.023700001,0.033300001,0.0198,0.269800007,1.64353025,0.516166329,0.780270517,0.863259673,0.254237294,0.474924028,-7.073244095,28.00714302,0.301972151,7.063218594,0.914022088
521,Dense_Mangrove,5,665,0.0164,0.035999998,0.0163,0.277999997,1.659929276,0.522230208,0.770700634,0.889228702,0.376673013,0.494208723,-8.710687637,22.70000076,0.672854006,5.757975578,0.970080614
522,Dense_Mangrove,5,666,0.0177,0.031500001,0.0196,0.268400013,1.653818846,0.496309608,0.789929986,0.863888919,0.232876718,0.473604083,-8.432788849,26.65714264,0.719284236,5.807113171,0.968647361
523,Dense_Mangrove,5,667,0.021,0.039700001,0.0217,0.260199994,1.581289768,0.483615845,0.735245049,0.846044719,0.293159604,0.45753932,-7.776453972,29.77857208,0.442397922,6.801069736,0.966827035
524,Dense_Mangrove,5,668,0.016000001,0.033799998,0.021600001,0.211600006,1.53928268,0.388961673,0.724531412,0.814751267,0.220216572,0.388707042,-8.111841202,26.29999924,0.863088131,5.144120693,0.988353074
525,Dense_Mangrove,5,669,0.023399999,0.039799999,0.023800001,0.257999986,1.563792348,0.477842122,0.732706487,0.831085861,0.251572311,0.449347645,-9.49571228,25.55714226,0.455278069,6.902599335,0.958413839
526,Dense_Mangrove,5,670,0.0156,0.0307,0.0208,0.208199993,1.561329246,0.385279596,0.742988706,0.8183406,0.192233011,0.385596693,-9.250221252,26.17142868,0.436527729,7.093603611,0.942216277
527,Dense_Mangrove,5,671,0.0134,0.028999999,0.0187,0.228799999,1.623908281,0.423417985,0.775019407,0.848888874,0.215932906,0.421605349,-9.179388046,22.24285698,0.531145751,6.264101028,0.964165926
528,Dense_Mangrove,5,672,0.0166,0.031199999,0.020199999,0.240199998,1.61493516,0.444660038,0.770081043,0.844854057,0.214007795,0.433982104,-8.370441437,25.0714283,0.408406079,7.422639847,0.946427822
529,Dense_Mangrove,5,673,0.0173,0.033100002,0.0198,0.256599993,1.628217101,0.47525388,0.771487713,0.856729388,0.251417786,0.457496136,-7.538760185,27.72142792,0.393121153,7.055563927,0.955129266
530,Dense_Mangrove,5,674,0.0228,0.036699999,0.0195,0.219999999,1.551223874,0.429888517,0.714063108,0.837160766,0.306049794,0.406693697,-7.469961643,26.45000076,0.668699324,5.819308281,0.969410717
531,Dense_Mangrove,5,675,0.0208,0.0407,0.024900001,0.26699999,1.564850211,0.480204672,0.735456586,0.829393625,0.240853652,0.458580613,-9.145137787,23.3928566,0.609495699,6.013899803,0.968714297
532,Dense_Mangrove,5,676,0,0.0264,0.0088,0.325199991,1.797134757,0.574020326,0.849829376,0.947305381,0.5,0.569064736,-8.304327011,27.29999924,1.089411736,3.912198305,0.99473542
533,Dense_Mangrove,5,677,0.0151,0.034200002,0.0164,0.245399997,1.630078316,0.465239108,0.755364776,0.87471354,0.351778686,0.45090574,-7.977054596,27.94285774,0.451164961,7.156881809,0.952481091
534,Dense_Mangrove,5,678,0.0064,0.024499999,0.0127,0.269600004,1.74341476,0.494875938,0.833389997,0.910024822,0.317204297,0.492585957,-8.177295685,26.69285774,0.697535336,5.958176613,0.974924982
535,Dense_Mangrove,5,679,0.008,0.0288,0.0152,0.251199991,1.680171609,0.460074842,0.794285715,0.885885894,0.309090883,0.461899787,-8.293063164,28.61428642,0.661706388,5.765623093,0.97747916
536,Dense_Mangrove,5,680,0.0186,0.032099999,0.0195,0.209399998,1.563781381,0.399991572,0.734161496,0.829619944,0.244186029,0.390794337,-9.449678421,23.70000076,0.477190822,7.257604122,0.949415565
537,Dense_Mangrove,5,681,0.0217,0.034699999,0.020199999,0.245000005,1.599539161,0.466990739,0.75187701,0.847662151,0.264116585,0.440669119,-8.480457306,24.30714226,0.341038108,7.210478306,0.924540699
538,Dense_Mangrove,5,682,0.022299999,0.0394,0.02,0.255800009,1.588029742,0.487774611,0.733062327,0.854967356,0.32659933,0.455916494,-9.647224426,22.29285622,0.637363553,5.403584003,0.949303687
539,Dense_Mangrove,5,683,0.0178,0.030999999,0.019200001,0.218799993,1.590456843,0.415660113,0.751801431,0.838655472,0.235059738,0.405691057,-8.902605057,28.16428566,0.477916211,6.888175964,0.965936363
540,Dense_Mangrove,5,684,0.018300001,0.0294,0.018200001,0.220400006,1.612055063,0.423952699,0.764611721,0.847443402,0.235294104,0.41064176,-7.624314785,29.6785717,0.758830011,5.140241623,0.988671958
541,Dense_Mangrove,5,685,0.0154,0.0253,0.021600001,0.220599994,1.615860343,0.402931869,0.794225276,0.821635008,0.07889124,0.402182698,-8.510238647,21.77857208,0.833086371,5.060210705,0.971142292
542,Dense_Mangrove,5,686,0.0119,0.0277,0.015900001,0.256999999,1.688882947,0.477180064,0.805409193,0.883473814,0.270642161,0.467913061,-7.73709774,25.19285774,0.52973783,6.687167168,0.964277148
543,Dense_Mangrove,5,687,0.0121,0.032000002,0.017999999,0.239199996,1.624042869,0.440128922,0.7640118,0.860031128,0.280000031,0.438193351,-10.42530727,19.3571434,0.645976126,5.593167305,0.949434519
544,Dense_Mangrove,5,688,0.0093,0.031599998,0.0164,0.268599987,1.674385905,0.486028105,0.789473712,0.884912252,0.316666633,0.481910825,-8.071184158,27.19285774,0.550814748,6.27725935,0.967335045
545,Dense_Mangrove,5,689,0.012,0.034699999,0.0208,0.216999993,1.549337983,0.391835749,0.724274933,0.82506305,0.250450432,0.398888588,-7.849739552,28.91428566,0.542225182,6.304599285,0.974482656
546,Dense_Mangrove,5,690,0.0174,0.035,0.0208,0.237000003,1.581281662,0.43896696,0.742647052,0.83863461,0.254480302,0.427949339,-6.619506836,35.6071434,0.812538087,5.051632881,0.987912536
547,Dense_Mangrove,5,691,0.019200001,0.035399999,0.0217,0.228,1.557398677,0.424765289,0.731207311,0.826191425,0.239929929,0.412765115,-7.52774334,32.75,0.481954992,6.776382446,0.978439093
548,Dense_Mangrove,5,692,0.0229,0.0339,0.0232,0.243799999,1.58206892,0.455314755,0.755851626,0.826217234,0.187390551,0.431421131,-8.067482948,29.47857094,0.863755643,4.419863701,0.989427745
549,Dense_Mangrove,5,693,0.0228,0.0328,0.0262,0.202399999,1.491867065,0.370604068,0.721088409,0.770778656,0.111864403,0.362750471,-6.981481552,35.83571243,0.764046013,5.251354218,0.990105987
550,Dense_Mangrove,5,694,0.0166,0.031099999,0.0176,0.232999995,1.624020219,0.443538427,0.764483154,0.859537125,0.277207375,0.430455625,-6.854011536,31.57857132,0.53071624,5.999136925,0.938743591
551,Sparse_Mangrove,6,695,0.045400001,0.060600001,0.0513,0.228200004,1.213248372,0.369928896,0.580332398,0.632915914,0.08310993,0.340410531,-10.70534992,18.5,0.833695054,5.225582123,0.938902438
552,Sparse_Mangrove,6,696,0.0286,0.0493,0.0307,0.287999988,1.515020967,0.511449456,0.707678616,0.80734235,0.232500002,0.471418083,-6.577349663,29.79999924,0.352217197,7.089198589,0.932425857
553,Sparse_Mangrove,6,697,0.025699999,0.048500001,0.028899999,0.279199988,1.516396165,0.496686101,0.703997552,0.812398553,0.253230006,0.464608312,-8.443239212,26.54999924,0.559558153,6.790362835,0.960012376
554,Water,7,698,0.068800002,0.088500001,0.071800001,0.065800004,-0.190720618,-0.01529675,-0.147115991,-0.043604631,0.104179658,-0.014115427,-11.6994915,18.69285774,0.54014796,6.115217209,0.901722014
555,Water,7,699,0.068599999,0.086400002,0.075800002,0.068599999,-0.16470024,-0.01784122,-0.114838727,-0.049861513,0.065351419,-0.016759783,-10.44422722,20.7142849,0.370614707,6.777411938,0.917970717
556,Water,7,700,0.069200002,0.085600004,0.071000002,0.082400002,0.055267878,0.028805334,-0.019047631,0.074315511,0.093231164,0.026170798,-9.018621445,24.70714378,0.312126517,7.859356403,0.873785198
557,Water,7,701,0.079499997,0.091200002,0.074600004,0.060600001,-0.305131346,-0.0383793,-0.201581031,-0.103550307,0.100120611,-0.033060458,-10.40963554,21.26428604,0.412703961,5.819585323,0.926757932
558,Water,7,702,0.076399997,0.0832,0.070799999,0.065200001,-0.162470251,-0.01526717,-0.121293791,-0.041176457,0.08051949,-0.013207543,-9.295690536,22.69285774,0.449607342,7.241083145,0.860904753
559,Water,7,705,0.0678,0.081,0.0638,0.062600002,-0.137627348,-0.003202044,-0.128133699,-0.009493655,0.118784532,-0.002873558,-9.794635773,22.23571396,0.497828126,6.952511311,0.898688436
560,Water,7,706,0.0678,0.082400002,0.062899999,0.0482,-0.39418152,-0.040071964,-0.261868298,-0.132313222,0.134205103,-0.036082473,-8.461523056,28.47142792,0.620355844,5.570401192,0.973061562
561,Water,7,707,0.069200002,0.086000003,0.074199997,0.049699999,-0.465241969,-0.062762573,-0.267501861,-0.197740093,0.073657967,-0.058903664,-11.10433006,16.43571472,0.796431184,5.198426247,0.947962344
562,Water,7,708,0.072999999,0.083099999,0.071199998,0.062600002,-0.204975054,-0.022816503,-0.140700042,-0.064275011,0.077122495,-0.020353416,-11.13775063,17.29999924,0.881457567,4.665976524,0.928953946
563,Water,7,709,0.066200003,0.082199998,0.070799999,0.0704,-0.080159195,-0.0010013,-0.077326335,-0.002832856,0.074509799,-0.000935744,-10.50720978,19.6071434,0.479432255,5.614211559,0.928498745
564,Water,7,710,0.071999997,0.081900001,0.071599998,0.062399998,-0.203791872,-0.024159662,-0.135135159,-0.068656713,0.067100994,-0.02176656,-12.53583145,18.9642849,0.496711731,7.170295238,0.906158864
565,Water,7,711,0.075300001,0.087899998,0.073299997,0.0581,-0.319786876,-0.040722277,-0.204109579,-0.115677297,0.090570733,-0.036110222,-13.66946983,16.41428566,0.608820438,5.54245615,0.895532429
566,Water,7,712,0.069200002,0.084200002,0.067299999,0.0504,-0.394699812,-0.045177501,-0.251114428,-0.143585384,0.111551173,-0.041039336,-12.03596401,18.77857208,0.553168893,6.77766943,0.884863019
567,Water,7,713,0.068300001,0.080799997,0.067699999,0.056000002,-0.275870174,-0.030791087,-0.181286514,-0.094583645,0.088215478,-0.02813852,-11.84219933,20.6428566,0.421798766,6.396359444,0.859048843
568,Water,7,714,0.065800004,0.078599997,0.0678,0.059,-0.211842462,-0.022626761,-0.142441839,-0.069400631,0.073770471,-0.021059349,-11.31579876,18.47857094,0.724621654,5.629556656,0.881118357
569,Water,7,716,0.084399998,0.093599997,0.079099998,0.046700001,-0.59183532,-0.091185398,-0.33428365,-0.25755164,0.083960623,-0.07766059,-18.20874405,12.30000019,1.119498372,3.60287118,0.950982153
570,Water,7,717,0.071199998,0.085600004,0.071400002,0.0535,-0.374083906,-0.047209624,-0.230769247,-0.14331466,0.090445869,-0.042966876,-14.73368073,13.35714245,1.207058787,3.009450912,0.978063285
571,Water,7,718,0.066799998,0.086099997,0.075800002,0.057399999,-0.338138133,-0.045490511,-0.199999988,-0.13813816,0.063619494,-0.043588128,-14.71123409,14.18571472,0.998205543,3.717778921,0.923159003
572,Water,7,719,0.077200003,0.085600004,0.071599998,0.046,-0.518598914,-0.071380764,-0.300911874,-0.217687055,0.089058563,-0.062176161,-20.90196609,10.35714245,1.639999986,1.255940318,0.987394929
573,Water,7,720,0.082199998,0.092699997,0.076800004,0.025800001,-1.061632991,-0.14653489,-0.564556956,-0.497076035,0.093805268,-0.126949891,-20.90911865,8.757143021,1.402857184,1.93688941,0.982044697
574,Water,7,724,0.060199998,0.079899997,0.057999998,0.045000002,-0.405637056,-0.034519374,-0.279423505,-0.126213565,0.15881072,-0.032338299,-10.28601456,26.32857132,0.423330784,7.428131104,0.920211136
575,Water,7,725,0.072700001,0.084200002,0.068000004,0.057,-0.280634612,-0.029899439,-0.192634568,-0.088000029,0.106438883,-0.026400009,-9.147762299,24.38571358,0.802277744,4.784785271,0.958352625
576,Water,7,726,0.064999998,0.079499997,0.059599999,0.081200004,0.163987875,0.056764439,0.010578758,0.153409123,0.143062532,0.050561808,-8.990423203,24.42142868,0.41817373,7.089903831,0.913422704
577,Water,7,727,0.066,0.082800001,0.057599999,0.046,-0.397683382,-0.032344408,-0.285714298,-0.111969106,0.179487199,-0.028827036,-7.943061829,28.6428566,0.373985082,7.216549873,0.943396866
578,Water,7,728,0.072700001,0.082999997,0.054000001,0.0491,-0.304150432,-0.01479737,-0.256623745,-0.047526684,0.211678803,-0.012187036,-6.350171089,34.23571396,0.471619755,6.333763123,0.975810587
579,Water,7,729,0.065200001,0.077600002,0.051600002,0.040199999,-0.441670328,-0.033108745,-0.317487299,-0.124183036,0.201238394,-0.028894905,-11.93822479,19.47142792,0.543876529,6.225902557,0.882320762
580,Water,7,730,0.067900002,0.080799997,0.052999999,0.0482,-0.300143987,-0.014003149,-0.252713174,-0.047430824,0.207772776,-0.011976046,-10.9719677,22.56428528,0.327416301,6.97188139,0.851486623
581,Water,7,731,0.0704,0.075800002,0.053800002,0.0403,-0.44923529,-0.040414326,-0.305770904,-0.143464416,0.169753075,-0.034085173,-17.13509369,15.40714264,0.934294999,4.513500214,0.795531034
582,Water,7,732,0.066699997,0.082099997,0.050999999,0.0306,-0.706965387,-0.060979251,-0.456965387,-0.249999985,0.233658895,-0.052613478,-17.20192146,14.35714245,1.179960132,3.649507284,0.852529705
583,Water,7,733,0.067900002,0.080200002,0.0614,0.059599999,-0.162229419,-0.004897961,-0.147353381,-0.014876039,0.132768378,-0.004347828,-10.17354965,23.90714264,0.395909488,7.819457054,0.873847425
584,Water,7,734,0.068400003,0.077500001,0.059599999,0.068599999,0.009285615,0.024638632,-0.060917191,0.070202805,0.13056165,0.02148997,-10.20334435,18.86428642,0.779661477,5.167984962,0.954599917
585,Water,7,735,0.074699998,0.086900003,0.070200004,0.046300001,-0.509955049,-0.065858364,-0.304804802,-0.205150232,0.10630171,-0.058150858,-11.16093445,19.4285717,0.638120055,5.998212337,0.877081335
586,Water,7,736,0.077799998,0.088799998,0.062600002,0.036400001,-0.683176756,-0.079058535,-0.418530315,-0.264646471,0.173051491,-0.065609351,-10.31644821,18.2857151,0.638170898,6.129103184,0.947432876
587,Water,7,737,0.075300001,0.086400002,0.072800003,0.0546,-0.36838907,-0.04910161,-0.225531921,-0.142857164,0.085427128,-0.043512918,-9.743561745,24.45714378,0.387898564,7.817092419,0.910704076
588,Water,7,738,0.070600003,0.082000002,0.054900002,0.044399999,-0.403208584,-0.031090854,-0.297468364,-0.105740204,0.197954714,-0.026280668,-11.79406452,20.77142906,0.583892465,6.00054121,0.846995473
589,Water,7,739,0.073899999,0.085600004,0.0625,0.034000002,-0.726774871,-0.083357699,-0.431438118,-0.295336753,0.155975714,-0.071668059,-16.88061333,12.99285698,1.483833194,1.785063386,0.953275561
590,Water,7,742,0.058600001,0.076200001,0.047499999,0.053599998,-0.113777749,0.016961403,-0.174114048,0.060336292,0.232012942,0.01522209,-11.60395813,17.8571434,0.688485026,5.450867653,0.920541346
591,Water,7,744,0.064400002,0.071599998,0.0493,0.046999998,-0.231303617,-0.006687607,-0.207419902,-0.023883715,0.184449941,-0.005785683,-12.07596016,16.52142906,0.678322315,5.091230869,0.951576412
592,Water,7,745,0.066799998,0.0845,0.071000002,0.0911,0.161582932,0.049453788,0.037585422,0.123997517,0.086816706,0.04553692,-6.836207867,29.41428566,0.473309547,6.679023743,0.958062887
593,Water,7,746,0.070799999,0.081799999,0.071000002,0.101000004,0.27945146,0.075301208,0.105032846,0.174418598,0.070680603,0.066964291,-6.825183868,32.95000076,0.626276374,5.654744625,0.980128706
594,Water,7,747,0.064800002,0.0788,0.056200001,0.046,-0.362624824,-0.02842176,-0.262820512,-0.099804319,0.167407393,-0.025406845,-12.58562851,15.81428528,0.708826363,5.556910515,0.916462421
595,Water,7,748,0.0682,0.077,0.0568,0.0491,-0.293963075,-0.021914845,-0.221252963,-0.072710104,0.150971591,-0.019062551,-11.49217224,21.25714302,0.3693856,7.399835587,0.803691387
596,Water,7,749,0.068800002,0.085600004,0.070299998,0.042399999,-0.585059941,-0.073560432,-0.337500036,-0.24755989,0.098139867,-0.068304226,-17.80903244,16.01428604,0.855378747,4.657357693,0.828861535
597,Water,7,750,0.071800001,0.087899998,0.080499999,0.0548,-0.421903402,-0.064295009,-0.231955141,-0.189948261,0.043942984,-0.060679991,-22.36036682,7.978571415,1.118571401,3.330672026,0.956036866
598,Water,7,751,0.0766,0.095600002,0.080499999,0.045000002,-0.642754674,-0.093078129,-0.359886199,-0.282868505,0.08574675,-0.085131891,-22.20048714,9.507143021,1.083367825,3.442326069,0.949372828
599,Water,7,752,0.065399997,0.082599998,0.062199999,0.051199999,-0.331680387,-0.029446406,-0.234678626,-0.097001769,0.140883967,-0.02689925,-12.26102543,15.12142849,0.944154084,4.101482391,0.879759192
600,Water,7,753,0.059,0.072999999,0.053199999,0.059799999,-0.040990513,0.017618794,-0.099397592,0.058407079,0.15689382,0.016150082,-12.87879944,16.20000076,0.616216898,5.759699821,0.913791358
601,Water,7,754,0.076300003,0.089100003,0.075400002,0.052299999,-0.441147357,-0.061933625,-0.260254622,-0.180892751,0.083282679,-0.055201538,-14.17536163,14.95714283,0.948961675,3.745841265,0.872976601
602,Water,7,755,0.063600004,0.078199998,0.064999998,0.054200001,-0.271872848,-0.027915625,-0.181268856,-0.090604,0.092178777,-0.026162783,-12.49379349,14.61428547,0.96858263,4.138269901,0.972944736
603,Water,7,756,0.066,0.0814,0.063699998,0.056600001,-0.238729239,-0.018806944,-0.179710135,-0.059019096,0.121984854,-0.017169105,-11.88566399,15.19285679,1.138514519,3.443711996,0.97716397
604,Water,7,757,0.071900003,0.089199997,0.064499997,0.057799999,-0.268388748,-0.01849704,-0.213605434,-0.054783303,0.160702676,-0.016149763,-17.0516243,13.8214283,1.090365529,3.470613956,0.887989759
605,Water,7,761,0.0682,0.082000002,0.063600004,0.044500001,-0.473130971,-0.052208621,-0.296442688,-0.176688269,0.126373604,-0.04711397,-15.99821663,13.52142811,1.327245831,2.56848073,0.943617582
606,Water,7,762,0.065200001,0.083400004,0.060600001,0.0482,-0.381447822,-0.033593416,-0.267477214,-0.1139706,0.158333346,-0.030551909,-11.59269524,19.1428566,0.419158846,6.859871387,0.850634634
607,Water,7,763,0.077799998,0.095600002,0.086300001,0.066,-0.316457897,-0.050734781,-0.183168322,-0.133289561,0.051126998,-0.046680976,-13.44032764,16.17142868,0.637808442,5.529677391,0.877979398
608,Water,7,764,0.074000001,0.091600001,0.075900003,0.062399998,-0.287224323,-0.035054021,-0.189610407,-0.097613916,0.093731329,-0.031724907,-13.6475296,16.2142849,0.692937911,5.482025623,0.882193089
609,Water,7,765,0.076399997,0.090000004,0.077,0.056200001,-0.387346298,-0.055014804,-0.23119016,-0.156156138,0.077844337,-0.049273528,-10.81883717,18.5357151,0.918071568,4.766860485,0.846118569
610,Water,7,767,0.080399998,0.097199999,0.078599997,0.060800001,-0.358069807,-0.04788034,-0.23037973,-0.127690077,0.105802059,-0.041757889,-10.46077919,18.94285774,0.794370472,5.418202877,0.916405499
611,Water,7,768,0.076300003,0.091700003,0.075999998,0.057799999,-0.362779796,-0.04832457,-0.226755872,-0.136023909,0.093619585,-0.043073524,-13.864048,16.00714302,0.686049581,5.516814232,0.893801272
612,Water,7,769,0.071000002,0.0902,0.0722,0.057,-0.343190551,-0.039678399,-0.225543469,-0.117647059,0.110837437,-0.036236491,-11.99556541,16.86428642,0.691624343,5.175219059,0.929448009
613,Water,7,770,0.072300002,0.090000004,0.072400004,0.055399999,-0.370984644,-0.044852525,-0.237964258,-0.133020371,0.10837438,-0.040618043,-8.167672157,25.26428604,0.351682693,7.673608303,0.923558474
614,Water,7,771,0.072300002,0.083499998,0.060699999,0.0243,-0.977400422,-0.107533239,-0.54916513,-0.428235292,0.158113718,-0.093333334,-12.20386314,17.16428566,0.746525884,5.549930573,0.920538485
615,Water,7,772,0.072700001,0.085199997,0.057999998,0.0254,-0.931574464,-0.098412119,-0.540687144,-0.39088729,0.189944133,-0.083818987,-13.11259651,14.91428566,0.84504199,4.324356079,0.968926191
616,Water,7,774,0.075499997,0.091200002,0.076800004,0.040800001,-0.687940657,-0.096220665,-0.381818175,-0.306122452,0.085714273,-0.087435238,-12.82884407,14.04285717,0.915966392,3.736288309,0.971926868
617,Water,7,775,0.072800003,0.086800002,0.076399997,0.046599999,-0.543625772,-0.077685088,-0.301349342,-0.242276415,0.063725516,-0.07174959,-12.28775024,17.92142868,0.630496621,6.171122074,0.86261183
618,Water,7,776,0.075800002,0.0902,0.076200001,0.055199999,-0.400532633,-0.055620302,-0.240715265,-0.159817368,0.084134609,-0.04988914,-12.53292656,19.07857132,0.457371384,6.379963875,0.824572623
619,Water,7,781,0.074900001,0.089699998,0.082800001,0.053300001,-0.47129783,-0.074619316,-0.25454545,-0.21675238,0.039999988,-0.069564536,-16.35691452,14.70714283,1.073645592,3.46712327,0.901622772
620,Water,7,782,0.072999999,0.085699998,0.071699999,0.067599997,-0.14750205,-0.010786073,-0.118069157,-0.029432897,0.088945352,-0.009619902,-10.5020504,19.83571434,0.536119103,6.271094322,0.939050853
621,Water,7,783,0.070200004,0.081100002,0.057999998,0.045499999,-0.401973605,-0.03604383,-0.281200647,-0.120772943,0.1660676,-0.031068765,-10.3311348,22.51428604,0.44789204,6.816331387,0.869374096
622,Water,7,785,0.064300001,0.078000002,0.049699999,0.056000002,-0.104576431,0.01806297,-0.164179102,0.05960267,0.221613169,0.015601789,-10.18959236,20.91428566,0.41838634,6.998839378,0.87994349
623,Water,7,786,0.065200001,0.081200004,0.056400001,0.056499999,-0.17848976,0.000275963,-0.179375485,0.000885722,0.18023257,0.000244733,-11.20501709,19.22857094,0.459377885,7.003903866,0.872592986
624,Water,7,787,0.073700003,0.082999997,0.057599999,0.040800001,-0.511604011,-0.050380848,-0.340872347,-0.170731679,0.180654332,-0.042112295,-11.4815836,21.54999924,0.430345267,6.726520061,0.832599223
625,Water,7,788,0.072700001,0.088100001,0.076800004,0.052099999,-0.448397487,-0.063814409,-0.256776035,-0.191621438,0.068526365,-0.058912396,-15.75696564,13.02857113,0.830453694,5.17416811,0.9502877
626,Water,7,789,0.068599999,0.081600003,0.072300002,0.069600001,-0.098392583,-0.006825768,-0.07936509,-0.01902749,0.060428854,-0.006309396,-11.84145641,17.29285622,0.707659721,4.889582634,0.924270272
627,Water,7,790,0.07,0.083099999,0.0678,0.079400003,0.056035161,0.030170627,-0.022769203,0.078804366,0.101391636,0.026885049,-9.610834122,25.37142944,0.27403155,7.702167511,0.877511799
628,Water,7,791,0.063900001,0.084600002,0.066200003,0.060699999,-0.207828522,-0.014049976,-0.164487287,-0.043341242,0.122015901,-0.013160002,-12.06277466,16.39999962,0.737880528,5.415080547,0.946414173
629,Water,7,792,0.069200002,0.090999998,0.0722,0.056000002,-0.36446026,-0.041743968,-0.238095209,-0.126365036,0.115196064,-0.038681947,-12.16866875,17.83571434,0.798109531,5.723310471,0.903989851
630,Water,7,793,0.077200003,0.089900002,0.073899999,0.054699998,-0.392730355,-0.052225009,-0.243430182,-0.149300158,0.097680114,-0.045816101,-10.09592628,20.55714226,0.564089775,6.038192749,0.889058709
631,Water,7,794,0.073600002,0.088,0.073799998,0.052099999,-0.428604543,-0.057535261,-0.256245553,-0.172359005,0.087762684,-0.052005108,-9.809433937,23.6785717,0.508105397,6.998452187,0.896842182
632,Water,7,795,0.0788,0.091499999,0.067900002,0.0217,-1.132232785,-0.13781172,-0.616607785,-0.515625,0.148055181,-0.11753732,-15.02967453,13.01428604,1.353277326,1.92272079,0.971047878
633,Water,7,796,0.071999997,0.089199997,0.070799999,0.046399999,-0.523825347,-0.065506868,-0.315634221,-0.208191127,0.114999995,-0.059300065,-12.22471714,19.12857056,0.473255992,6.798203945,0.868217587
634,Water,7,797,0.069499999,0.083899997,0.062799998,0.064199999,-0.121994592,0.003805386,-0.133018225,0.011023633,0.143830955,0.003349286,-10.35434723,23.30714226,0.661098719,5.050270081,0.84476614
635,Water,7,798,0.076099999,0.086000003,0.060199998,0.0462,-0.43263796,-0.041833498,-0.301059008,-0.131578937,0.176470622,-0.034630604,-9.556148529,25.23571396,0.355626076,7.257223129,0.885119021
636,Water,7,800,0.0713,0.0832,0.0614,0.039000001,-0.584809661,-0.06417235,-0.361702114,-0.223107561,0.150760725,-0.055962689,-11.3600769,19.2142849,0.621508002,5.356304646,0.883448422
637,Water,7,801,0.072800003,0.086099997,0.064199999,0.047600001,-0.436437488,-0.046797469,-0.287958086,-0.148479402,0.145708576,-0.040699571,-9.634739876,24.47857094,0.359641969,7.17323494,0.906158566
638,Water,7,802,0.0744,0.087499999,0.060699999,0.0482,-0.404393613,-0.036575373,-0.289609432,-0.114784196,0.180836707,-0.030793231,-10.00922012,21.00714302,0.393001914,6.958563328,0.872083247
639,Water,7,803,0.063100003,0.079499997,0.055599999,0.075599998,0.127293959,0.053421658,-0.025145061,0.152439028,0.17690599,0.047528517,-8.242230415,29.47857094,0.364328206,6.911435604,0.954994678
640,Water,7,804,0.086499996,0.1008,0.082500003,0.020199999,-1.272736907,-0.179756477,-0.666115701,-0.606621265,0.099836312,-0.155052274,-19.2663765,10.06428528,0.836231411,5.043856621,0.912447095
641,Water,7,805,0.080300003,0.091499999,0.065800004,0.032200001,-0.822242737,-0.101849049,-0.479385585,-0.342857152,0.163382038,-0.084280945,-18.70926666,13.29285717,0.722347915,4.912577629,0.863842309
642,Water,7,809,0.079499997,0.087399997,0.063000001,0.037500001,-0.653250933,-0.077815071,-0.399519593,-0.25373134,0.162234023,-0.063696921,-13.16324806,18.13571358,0.523275435,6.096269131,0.826779604
643,Water,7,810,0.071800001,0.078000002,0.0568,0.041000001,-0.472478539,-0.046839792,-0.310924381,-0.161554188,0.157270029,-0.039645363,-11.5995245,19.02857208,0.595003903,5.615896225,0.831094444
644,Water,7,813,0.07,0.092200004,0.067500003,0.031199999,-0.862108588,-0.099593952,-0.494327426,-0.367781192,0.154664993,-0.090947062,-12.66717339,15.79285717,0.675033092,5.37951088,0.91812396
645,Water,7,814,0.082999997,0.096500002,0.071999997,0.0184,-1.272641778,-0.16185528,-0.679721475,-0.592920303,0.145400628,-0.136178851,-20.36967087,12.00714302,1.038798928,3.612598181,0.913587034
646,Water,7,817,0.079800002,0.093400002,0.088600002,0.037,-0.843343377,-0.132975981,-0.432515353,-0.410828024,0.026373621,-0.123721235,-11.73645401,15.82857132,0.822039068,5.299416065,0.869845986
647,Water,7,821,0.080399998,0.094300002,0.081600003,0.036699999,-0.819238245,-0.121574789,-0.439694673,-0.379543573,0.072200105,-0.108927712,-11.78666878,16.85000038,0.753709972,5.145808697,0.883598626
648,Water,7,822,0.077100001,0.089599997,0.078000002,0.0438,-0.62411648,-0.091585889,-0.343328327,-0.280788183,0.069212385,-0.082502417,-11.60593033,18.1428566,0.759755552,4.751112938,0.882704556
649,Water,7,823,0.070500001,0.091799997,0.081200004,0.070200004,-0.205988511,-0.026734069,-0.133333296,-0.072655216,0.061271638,-0.025330057,-11.29772758,18.94285774,0.812847674,5.146703243,0.886260569
650,Water,7,825,0.075599998,0.0836,0.064999998,0.0263,-0.945260406,-0.113917336,-0.521383047,-0.423877299,0.125168249,-0.098173507,-9.129575729,23.01428604,0.384489119,7.242197514,0.92205292
651,Water,7,828,0.083099999,0.093199998,0.0788,0.022700001,-1.160992384,-0.160791054,-0.608282983,-0.552709341,0.083720922,-0.139900252,-14.22405815,13.29285717,0.755300581,5.469082832,0.95449996
652,Water,7,829,0.071999997,0.086599998,0.071000002,0.0526,-0.393120199,-0.049009167,-0.244252861,-0.148867324,0.098984748,-0.044259146,-10.17772961,22.76428604,0.325848967,7.437777042,0.881345034
653,Water,7,830,0.071199998,0.081699997,0.066100001,0.035599999,-0.692911088,-0.084892012,-0.393009365,-0.299901694,0.105548009,-0.076034576,-9.778700829,20.99285698,0.373128712,7.002880096,0.882772386
654,Water,7,831,0.060800001,0.081799999,0.064300001,0.041999999,-0.531269908,-0.057367776,-0.321486264,-0.209783643,0.119780958,-0.055170711,-11.24523163,18.6071434,0.705835283,5.515741825,0.867031634
655,Water,7,832,0.079800002,0.087800004,0.071699999,0.054299999,-0.373844743,-0.049097069,-0.235749498,-0.138095245,0.100940466,-0.041693293,-12.84508133,18.94285774,0.558708489,6.492485046,0.823311329
656,Water,7,835,0.07,0.080600001,0.066200003,0.048099998,-0.410880506,-0.049168762,-0.25252527,-0.158355251,0.098092623,-0.044196658,-10.78516579,19.45714378,0.59795928,5.962052345,0.81262809
657,Water,7,836,0.071400002,0.079999998,0.065200001,0.056000002,-0.252378136,-0.025227595,-0.176470563,-0.075907581,0.101928353,-0.022215066,-11.29325676,20.35000038,0.399846882,7.099190235,0.851461709
658,Water,7,837,0.070299998,0.086400002,0.074699998,0.059799999,-0.292723238,-0.037981134,-0.181942567,-0.110780664,0.072625726,-0.035224583,-14.3049469,15.9285717,0.793915272,5.158195972,0.859033883
659,Water,7,839,0.067500003,0.076300003,0.064800002,0.055500001,-0.235121623,-0.024785463,-0.157814875,-0.07730674,0.081502482,-0.022489121,-10.51479149,25.70000076,0.429687083,6.48325634,0.838305235
660,Water,7,840,0.061799999,0.071699999,0.057599999,0.051800001,-0.214150012,-0.015526281,-0.161133587,-0.053016432,0.109048724,-0.014276331,-14.22741699,19.07857132,0.47794053,6.535169601,0.815897524
661,Water,7,841,0.064599998,0.074199997,0.0616,0.056499999,-0.178608373,-0.013540783,-0.135424629,-0.043183748,0.092783488,-0.01237664,-11.57203865,21.37142944,0.404567033,7.166437149,0.877177119
662,Water,7,842,0.063199997,0.073399998,0.061999999,0.057100002,-0.166046068,-0.012825875,-0.124904186,-0.041141875,0.084194973,-0.011872066,-12.09503651,21.8214283,0.437369525,6.595338345,0.800963223
663,Water,7,846,0.066600002,0.076800004,0.066399999,0.082000002,0.137866899,0.039759412,0.032745581,0.105121315,0.072625726,0.036088843,-9.543777466,22.51428604,0.340665668,7.560122013,0.902549803
664,Water,7,847,0.055,0.064599998,0.049800001,0.057,0.004915733,0.019081943,-0.062499985,0.067415722,0.1293706,0.017798284,-11.29356575,18.89999962,0.487696767,6.44297266,0.818187952
665,Water,7,849,0.071999997,0.086999997,0.081600003,0.0748,-0.118880004,-0.016595088,-0.075401716,-0.04347828,0.032028437,-0.015539313,-11.90015793,21.23571396,0.534218371,6.509766102,0.797580004
666,Water,7,853,0.060600001,0.085000001,0.077399999,0.247600004,1.012567878,0.338369787,0.488875538,0.52369231,0.046798043,0.30945456,-10.01399612,21.27142906,0.499888986,6.076472759,0.878851116
667,Water,7,854,0.068999998,0.082400002,0.077699997,0.113399997,0.345137984,0.084031641,0.158324808,0.186813191,0.029356685,0.077485174,-11.30743027,21.98571396,0.48166427,6.370916843,0.815575778
668,Water,7,856,0.064800002,0.077399999,0.0623,0.051399998,-0.297729701,-0.02901406,-0.201863363,-0.09586633,0.108088754,-0.026641687,-11.0470047,22.65714264,0.39039588,7.147330761,0.78891474
669,Water,7,859,0.064800002,0.073600002,0.061799999,0.056299999,-0.179750085,-0.014610562,-0.133179381,-0.046570703,0.087149203,-0.013347355,-12.12727547,18.54999924,0.53587693,6.16853714,0.843394279
670,Water,7,860,0.066,0.075300001,0.059999999,0.071999997,0.068505794,0.032017071,-0.022403285,0.090909079,0.113082051,0.028481008,-12.0191555,20.01428604,0.423129052,6.880362511,0.839507699
671,Water,7,861,0.071400002,0.082999997,0.068400003,0.042199999,-0.56276834,-0.071420796,-0.32587859,-0.23688972,0.096433252,-0.064362928,-20.70821762,11.67142868,1.168493867,3.104052067,0.972505093
672,Water,7,862,0.068599999,0.078199998,0.062399998,0.059700001,-0.156268165,-0.007340141,-0.134155154,-0.022112999,0.112375528,-0.006510201,-12.55885696,18.63571358,0.496482015,6.472605705,0.801588655
673,Water,7,863,0.0704,0.076399997,0.065200001,0.0623,-0.124403335,-0.007833606,-0.101658233,-0.022745103,0.079096019,-0.006932273,-14.31007767,16.17142868,0.740389287,4.89445591,0.861327171
674,Water,7,864,0.071000002,0.076800004,0.062799998,0.062600002,-0.103460014,-0.000551318,-0.10186515,-0.001594864,0.100286573,-0.000479683,-11.5248661,19.0714283,0.603227615,5.757932186,0.876123607
675,Water,7,865,0.061000001,0.077,0.061799999,0.051399998,-0.291249752,-0.026951388,-0.199376956,-0.091872804,0.109510086,-0.025440315,-12.67176533,17.06428528,0.692412555,5.721770763,0.858157575
676,Water,7,870,0.079099998,0.093000002,0.093000002,0.077799998,-0.177985996,-0.036449101,-0.088992998,-0.088992998,,-0.033989277,-10.92916298,22.04285622,0.374320775,6.889074802,0.817917347
677,Water,7,871,0.082400002,0.089699998,0.0898,0.100199997,0.110029086,0.025465224,0.055292256,0.054736827,-0.000557113,0.02260869,-10.11503887,25.32857132,0.292310268,7.311283588,0.86772126
678,Water,7,872,0.082199998,0.094400004,0.090800002,0.057999998,-0.459275305,-0.08313901,-0.23884517,-0.220430136,0.019438451,-0.075832315,-19.13441467,11.86428547,1.249468207,2.675490856,0.974501431
679,Water,7,877,0.080200002,0.101800002,0.098999999,0.071999997,-0.329356223,-0.063410059,-0.171461478,-0.15789476,0.013944237,-0.060357682,-18.60900497,11.88571453,1.081662416,3.38045454,0.910494983
680,Water,7,878,0.071699999,0.092399999,0.0933,0.079599999,-0.153655171,-0.031089731,-0.074418612,-0.07923656,-0.004846529,-0.030539459,-17.10942841,13.78571415,1.274786353,2.476964712,0.897397459
681,Water,7,879,0.073200002,0.086199999,0.082199998,0.094800003,0.118700303,0.030317625,0.047513835,0.071186468,0.023752974,0.027917292,-9.645899773,24.37142944,0.321452469,6.670910358,0.902440131
682,Water,7,881,0.0766,0.093199998,0.096900001,0.085500002,-0.10558895,-0.026089342,-0.043088954,-0.062499996,-0.019463457,-0.025058614,-14.72711849,15.63571453,0.707064271,4.810803413,0.867554188
683,Water,7,885,0.079800002,0.0933,0.094099998,0.079800002,-0.160220727,-0.034181081,-0.077989586,-0.082231142,-0.004268936,-0.03182964,-12.92704964,17.6785717,0.568018317,5.462798595,0.765060902
684,Water,7,886,0.067299999,0.092200004,0.102799997,0.107000001,0.094316259,0.008613273,0.074297175,0.020019086,-0.054358941,0.008875748,-14.91862488,16.40714264,0.770579278,5.142690659,0.824902713
685,Water,7,887,0.064999998,0.088399999,0.094800003,0.118799999,0.259077698,0.049995825,0.146718144,0.112359531,-0.034934521,0.050448421,-10.04943657,22.3571434,0.520733774,6.344142914,0.886492848
686,Water,7,888,0.076399997,0.089299999,0.091799997,0.0973,0.071957618,0.012789517,0.042872462,0.029085159,-0.013804515,0.011972146,-12.32322693,20.57857132,0.397153676,7.330706596,0.847902954
687,Water,7,889,0.075800002,0.088600002,0.097800002,0.115400001,0.21392414,0.038810972,0.131372541,0.082551591,-0.049356218,0.037016265,-9.109893799,28.92142868,0.290360868,7.583307266,0.911510229
688,Water,7,890,0.060600001,0.0748,0.050000001,0.0211,-0.966428101,-0.083371803,-0.559958279,-0.406469762,0.198717937,-0.07590615,-12.16084194,18.58571434,0.509004056,5.99190855,0.886877477
689,Water,7,894,0.041999999,0.0502,0.0288,0.0093,-1.199205995,-0.056221887,-0.687394977,-0.511811018,0.270886093,-0.054357924,-19.99703979,10.69285679,1.435714245,1.576622844,0.982896507
690,Water,7,895,0.067900002,0.089400001,0.075400002,0.057799999,-0.346806079,-0.04395825,-0.214673921,-0.132132158,0.084951445,-0.041692998,-11.43554688,20.94285774,0.379619837,6.396992207,0.875439227
691,Water,7,897,0.081299998,0.099100001,0.091499999,0.064199999,-0.389054298,-0.068015344,-0.213717103,-0.175337195,0.039874092,-0.062452342,-10.99068928,19.13571358,0.447176099,6.926451206,0.832314909
692,Water,7,898,0.078000002,0.097999997,0.094099998,0.064499997,-0.39278692,-0.070874445,-0.206153855,-0.18663305,0.020301921,-0.067415737,-12.03989983,17.79999924,0.514468253,6.472369671,0.868482172
693,Water,7,899,0.077200003,0.088,0.087800004,0.0876,-0.003418171,-0.000482913,-0.0022779,-0.00114027,0.001137633,-0.000444189,-11.2037468,20.51428604,0.584756672,6.180024624,0.808576226
694,Water,7,900,0.068700001,0.083999999,0.080200002,0.091200002,0.105273269,0.026013337,0.041095905,0.064177364,0.023142492,0.024575513,-7.79373312,29.67142868,0.378927588,6.921111107,0.925589979
695,Water,7,901,0.077799998,0.098800004,0.096100003,0.060199998,-0.472453862,-0.085208401,-0.242767319,-0.229686528,0.013853263,-0.082050897,-14.9776516,17.55714226,0.822090685,4.442027569,0.79766196
696,Water,7,902,0.0814,0.101599999,0.092399999,0.0616,-0.445098042,-0.076578818,-0.24509804,-0.200000003,0.047422677,-0.070642203,-11.08227348,23.3571434,0.470193177,6.28389883,0.816457987
697,Water,7,906,0.066600002,0.086900003,0.077200003,0.073600002,-0.106738739,-0.008676374,-0.08286605,-0.023872687,0.059110299,-0.008297483,-13.83179092,15.78571415,0.750650465,5.109783173,0.878368676
698,Water,7,907,0.062399998,0.0713,0.064300001,0.1074,0.453033775,0.105101444,0.202014551,0.25101921,0.051622413,0.096248321,-9.547649384,24.0714283,0.283060908,7.318192005,0.865538418
699,Water,7,908,0.074000001,0.091200002,0.082400002,0.077200003,-0.115716822,-0.01278772,-0.083135381,-0.032581445,0.050691243,-0.011825345,-10.37305069,18.22142792,0.699593544,5.483466148,0.95519793
700,Dense_Mangrove,5,916,0.0208,0.039299998,0.018100001,0.30399999,1.658658266,0.568796754,0.771045744,0.887612522,0.369337946,0.521651864,-10.35830116,18.10000038,0.952046514,3.977761745,0.970052719
701,Dense_Mangrove,5,917,0.018300001,0.037300002,0.0188,0.246000007,1.594680905,0.464983016,0.736674905,0.85800606,0.3297683,0.445606709,-8.351356506,25.04999924,0.612165868,6.315842152,0.972959816
702,Dense_Mangrove,5,918,0.0272,0.041299999,0.0265,0.199599996,1.422709584,0.374805123,0.657119155,0.765590429,0.218289077,0.357595354,-8.192378998,24.27857208,0.763846159,5.665429592,0.981157184
703,Dense_Mangrove,5,920,0.0152,0.036400001,0.0188,0.268999994,1.63097775,0.493374348,0.761624098,0.869353712,0.318840593,0.476389945,-6.899589539,29.37857056,0.448748499,6.997341156,0.961829364
704,Sparse_Mangrove,6,921,0.0306,0.057100002,0.031500001,0.269800007,1.441563725,0.484625399,0.650657713,0.790906072,0.288939059,0.446087629,-8.440887451,23.42142868,0.606361926,6.134772301,0.973870635
705,Sparse_Mangrove,6,922,0.035300002,0.051600002,0.031500001,0.292199999,1.505200863,0.53578037,0.699825466,0.805375338,0.241877258,0.474748075,-8.438624382,28.25,0.608927667,6.179658413,0.977731824
706,Sparse_Mangrove,6,923,0.032200001,0.057999998,0.035599999,0.296200007,1.457914352,0.513679743,0.672501445,0.785412908,0.23931624,0.469944715,-7.899878502,29.54285622,0.702236474,6.057161808,0.982199311
707,Sparse_Mangrove,6,924,0.021199999,0.0425,0.025599999,0.25,1.523625255,0.450747222,0.709401727,0.814223528,0.248164475,0.433986604,-7.576008797,26.52142906,0.441560358,7.397830009,0.949274123
708,Sparse_Mangrove,6,925,0.0178,0.0484,0.0264,0.250999987,1.486347795,0.440081477,0.676686704,0.80966115,0.294117659,0.43336761,-9.827088356,22.04285622,0.827504337,5.416002274,0.940573335
709,Sparse_Mangrove,6,926,0.0146,0.036899999,0.022700001,0.194800004,1.472749114,0.352230877,0.681484699,0.791264355,0.238255009,0.359790951,-7.777710915,26.67142868,0.552896678,6.435546398,0.963444531
710,Sparse_Mangrove,6,927,0.0288,0.046399999,0.027799999,0.237200007,1.462967277,0.440656573,0.672778547,0.79018867,0.25067386,0.410588235,-9.208127975,22.6785717,0.526476443,6.554202557,0.963266611
711,Sparse_Mangrove,6,928,0.0196,0.045699999,0.028200001,0.230199993,1.450454235,0.40322578,0.668720543,0.781733751,0.236806467,0.399525315,-7.48625946,34.61428452,0.679458916,5.859010696,0.984528959
712,Sparse_Mangrove,6,929,0.029300001,0.063199997,0.037300002,0.285400003,1.406232357,0.48101905,0.637406766,0.768825531,0.257711411,0.452352017,-10.20909309,21.69285774,0.530747652,6.606448174,0.909649491
713,Sparse_Mangrove,6,930,0.023399999,0.0374,0.0251,0.244399995,1.548292637,0.449569494,0.734563529,0.813729107,0.196799994,0.427485377,-8.768857956,26.8571434,0.42686519,6.776073456,0.953273892
714,Sparse_Mangrove,6,931,0.035,0.0535,0.035999998,0.229800001,1.351428151,0.409448177,0.622308493,0.729119658,0.195530757,0.379603028,-7.747703552,34.38571548,0.738952816,5.090827465,0.992512941
715,Sparse_Mangrove,6,932,0.021299999,0.0407,0.0296,0.218199998,1.446690559,0.381457061,0.68559289,0.76109767,0.157894731,0.378309697,-10.99303436,18.42142868,0.714253128,5.491985798,0.896739721
716,Sparse_Mangrove,6,933,0.032000002,0.048300002,0.034200002,0.215599999,1.360133171,0.384061635,0.63395226,0.726180911,0.170909092,0.36289677,-7.648380756,28.94285774,0.434544832,6.562082291,0.96758765
717,Sparse_Mangrove,6,934,0.029200001,0.0634,0.040899999,0.270000011,1.356568933,0.441800386,0.619676054,0.736892879,0.215723887,0.423788399,-9.389125824,20.7857151,0.705503821,5.811506748,0.961284161
718,Sparse_Mangrove,6,935,0.026900001,0.053399999,0.034499999,0.269199997,1.441741943,0.460394681,0.668939888,0.772802114,0.215017065,0.438036591,-7.289678574,33.25,0.656447649,5.961761475,0.982601523
719,Sparse_Mangrove,6,936,0.0372,0.054900002,0.042399999,0.172999993,1.12452352,0.284308583,0.518209696,0.606313825,0.128468677,0.273832798,-7.454360008,29.66428566,0.49346149,6.419659615,0.96998018
720,Sparse_Mangrove,6,937,0.036499999,0.057799999,0.040899999,0.265199989,1.374872327,0.453369439,0.642105281,0.732767045,0.171225935,0.417379975,-11.88978767,16.98571396,0.815721452,4.433186531,0.945239007
721,Sparse_Mangrove,6,938,0.057399999,0.070799999,0.069799997,0.243200004,1.103038192,0.352009773,0.549044609,0.553993642,0.00711239,0.319926202,-11.32609749,15.0714283,1.290950179,2.364458084,0.970671237
722,Sparse_Mangrove,6,940,0.0403,0.059799999,0.034400001,0.332399994,1.50748539,0.602482677,0.695053518,0.812431812,0.269639045,0.515689909,-8.062260628,25.51428604,0.277600318,7.799687862,0.908543169
723,Sparse_Mangrove,6,941,0.034499999,0.050099999,0.035700001,0.278600007,1.467991233,0.49207893,0.695162773,0.772828519,0.167832151,0.447439522,-8.379125595,25.97857094,0.485376865,6.947885513,0.957792401
724,Sparse_Mangrove,6,942,0.050799999,0.071900003,0.0524,0.217999995,1.116392851,0.359562248,0.503966868,0.612426043,0.156878531,0.322429895,-9.489215851,23.85000038,0.453534365,6.461811066,0.950745881
725,Sparse_Mangrove,6,943,0.0449,0.059,0.042399999,0.211999997,1.231242299,0.375337481,0.564575613,0.666666687,0.163708106,0.337221622,-6.927117348,35.0357132,1.134128332,3.867461443,0.994615972
726,Sparse_Mangrove,6,944,0.041700002,0.053599998,0.037799999,0.234799996,1.350964665,0.428689569,0.628294051,0.722670555,0.172866523,0.38247475,-6.456436157,34.27142715,0.657239914,5.393921375,0.974724174
727,Sparse_Mangrove,6,945,0.037999999,0.0557,0.034000002,0.250400007,1.396966815,0.462630421,0.636066675,0.76090014,0.241917476,0.413819492,-8.983219147,29.3571434,0.333439112,7.329988956,0.958152831
728,Sparse_Mangrove,6,946,0.0396,0.054699998,0.043200001,0.204600006,1.229426622,0.345817626,0.5780949,0.651331723,0.117466778,0.323749661,-6.815773964,36.22142792,0.957006752,4.399272442,0.989692271
729,Sparse_Mangrove,6,947,0.040399998,0.055,0.0352,0.264200002,1.420251489,0.488314569,0.655388474,0.764863074,0.219512194,0.429697275,-7.370082855,35.70000076,0.729411781,5.149496555,0.99225235
730,Sparse_Mangrove,6,950,0.035700001,0.054200001,0.0352,0.192399994,1.251107097,0.34599638,0.560421705,0.690685391,0.212527975,0.324079156,-5.815170288,39.20000076,1.399999976,1.790220022,0.998885453
731,Sparse_Mangrove,6,951,0.045400001,0.054000001,0.047200002,0.160600007,1.042455196,0.256956398,0.496738136,0.545717061,0.067193672,0.240322128,-6.157494068,37.51428604,0.985261798,4.199418545,0.995432138
732,Sparse_Mangrove,6,952,0.047699999,0.057799999,0.043900002,0.171399996,1.087833881,0.295947254,0.495637,0.592196941,0.136676475,0.267370313,-5.895096779,37.70714188,0.979890108,3.859027386,0.993544281
733,Sparse_Mangrove,6,954,0.040800001,0.052700002,0.035799999,0.216000006,1.323388338,0.400515676,0.607740998,0.71564734,0.190960482,0.359537125,-7.049290657,37.92142868,0.935727239,3.99675107,0.994395077
734,Sparse_Mangrove,6,955,0.0392,0.0581,0.042599998,0.197600007,1.190856814,0.334282279,0.545561194,0.64529562,0.153922558,0.314104319,-7.069099426,37.97857285,0.984789908,3.616074324,0.996002853
735,Sparse_Mangrove,6,957,0.038600001,0.0548,0.0381,0.2042,1.262347817,0.363203019,0.576833963,0.685513794,0.179763183,0.335645974,-7.050023079,27.55714226,0.435798287,6.94307375,0.946425378
736,Sparse_Mangrove,6,958,0.045299999,0.0638,0.044799998,0.231600001,1.243875504,0.402360767,0.568043351,0.675832152,0.174953967,0.360896438,-8.1870327,29.39999962,0.66820246,5.510977268,0.983889878
737,Mudflat,4,959,0.064199999,0.080899999,0.070500001,0.151800007,0.670406163,0.185905069,0.304684162,0.365722001,0.068692185,0.16883567,-14.88479805,13.38571453,1.18630898,2.919622898,0.963948607
738,Mudflat,4,960,0.065800004,0.077399999,0.066200003,0.178599998,0.854462802,0.25963226,0.395312488,0.459150314,0.077994399,0.226369485,-10.31549835,20.79285622,0.499607116,6.629962921,0.918960392
739,Mudflat,4,961,0.061000001,0.075800002,0.072999999,0.172000006,0.792297959,0.214750558,0.388216317,0.404081643,0.018817222,0.19932887,-9.696053505,20.99285698,0.582738519,5.97501564,0.955209017
740,Mudflat,4,962,0.052999999,0.0678,0.067500003,0.187600002,0.939863861,0.251234204,0.46906814,0.470795751,0.002217277,0.238577664,-9.308867455,23.63571358,0.445147961,7.128005505,0.928972304
741,Mudflat,4,963,0.053599998,0.077100001,0.057500001,0.258399993,1.176348209,0.418053925,0.540387452,0.635960758,0.145616636,0.369346708,-8.338367462,27.11428642,0.279192835,8.167662621,0.925630808
742,Mudflat,4,964,0.058899999,0.075400002,0.0678,0.170200005,0.816245615,0.225501001,0.385993481,0.430252105,0.053072639,0.208130091,-5.292471409,38.72857285,1.217647076,2.81855607,0.997623861
743,Sparse_Mangrove,6,965,0.038800001,0.058800001,0.0568,0.247400001,1.242498755,0.367329627,0.615937293,0.626561463,0.017301042,0.355508566,-8.942342758,22.9642849,0.646799743,5.583511353,0.967752099
744,Sparse_Mangrove,6,966,0.0253,0.0484,0.041200001,0.238600001,1.368221641,0.380772352,0.66271776,0.705503941,0.080357127,0.37971276,-8.205810547,27.99285698,0.991529822,4.111577034,0.990655243
745,Sparse_Mangrove,6,968,0.0309,0.044300001,0.038600001,0.171200007,1.220893621,0.283079296,0.588863134,0.632030487,0.068757534,0.280219793,-8.474092484,27.27142906,0.593936503,5.989877701,0.969089091
746,Sparse_Mangrove,6,969,0.033799998,0.052499998,0.046399999,0.180199996,1.139243007,0.277570307,0.548775256,0.590467811,0.061678454,0.276217997,-7.448034286,33.20714188,0.585422218,6.414518833,0.973284721
747,Sparse_Mangrove,6,972,0.036400001,0.052000001,0.042599998,0.161599994,1.095870614,0.260006994,0.513108611,0.582762003,0.099365778,0.253479123,-6.773131371,36.65000153,1.051680684,4.003950119,0.996383786
748,Sparse_Mangrove,6,973,0.038400002,0.057,0.0493,0.227400005,1.242813468,0.360467941,0.599156141,0.643657386,0.072436497,0.343955189,-7.455142975,31.81428528,0.394982368,7.289000511,0.955226719
749,Sparse_Mangrove,6,974,0.0319,0.0462,0.036800001,0.191400006,1.288586974,0.329511076,0.611111104,0.677475929,0.113252997,0.318456471,-9.325066566,29.70000076,0.306578368,7.236201286,0.928545177
750,Sparse_Mangrove,6,975,0.059,0.079099998,0.064199999,0.181799993,0.871686161,0.261449516,0.393637419,0.478048772,0.103977665,0.236461118,-3.971963406,39.48571396,1.662285686,0.685629368,0.9977507
751,Sparse_Mangrove,6,976,0.037799999,0.062600002,0.038699999,0.284399986,1.399638772,0.498134762,0.639193058,0.760445654,0.235932887,0.447758466,-8.691905975,25.29999924,0.540751874,6.433054447,0.960906506
752,Sparse_Mangrove,6,977,0.0484,0.068000004,0.056000002,0.205799997,1.075479507,0.317695946,0.503287017,0.57219249,0.096774206,0.294959307,-7.039107323,37.41428757,1.214285731,2.651326895,0.998390019
753,Sparse_Mangrove,6,978,0.028200001,0.056699999,0.034200002,0.257999986,1.405570507,0.446992069,0.639656782,0.765913725,0.247524723,0.423756599,-10.09796524,28.22142792,0.402329892,7.392298698,0.908397794
754,Sparse_Mangrove,6,979,0.0294,0.047800001,0.031599998,0.246999994,1.448863864,0.442808986,0.675712347,0.773151457,0.20403026,0.414975584,-9.498381615,27.70000076,0.300984621,7.61668539,0.913296998
755,Sparse_Mangrove,6,980,0.0328,0.053800002,0.0359,0.2764,1.444229722,0.48262161,0.674136877,0.770092845,0.199554071,0.444109321,-9.789890289,23.27142906,0.516606152,6.632581711,0.918674409
756,Sparse_Mangrove,6,981,0.047800001,0.062399998,0.059999999,0.200200006,1.06356883,0.291670144,0.524752498,0.538816333,0.01960784,0.276637733,-7.856696606,26.1785717,0.443290353,6.715249538,0.948504448
757,Sparse_Mangrove,6,982,0.032900002,0.055199999,0.0436,0.227599993,1.288084149,0.370236218,0.609618127,0.678466082,0.117408894,0.357883811,-10.16441345,21.8928566,0.500918686,6.240163326,0.939249039
758,Sparse_Mangrove,6,983,0.032900002,0.0601,0.041000001,0.252999991,1.337185502,0.423238158,0.616097093,0.721088409,0.188921854,0.400503755,-7.351983547,29.75,0.600864768,6.121071339,0.979088604
759,Sparse_Mangrove,6,984,0.046500001,0.065899998,0.056200001,0.206,1.086582541,0.313533425,0.515262961,0.57131958,0.079443052,0.294804513,-6.702442169,37.57857132,1.2036134,3.288482904,0.997124434
760,Sparse_Mangrove,6,985,0.0524,0.071400002,0.062799998,0.201000005,0.999652684,0.29161042,0.475770921,0.523881733,0.064083487,0.271406144,-6.244539738,32.59285736,0.484004974,6.716397285,0.961240113
761,Sparse_Mangrove,6,986,0.035,0.055199999,0.043699998,0.247400001,1.334921479,0.408347368,0.635161936,0.699759543,0.116279081,0.386234373,-6.671782494,33.72857285,0.540785551,6.737291813,0.968125641
762,Mudflat,4,987,0.082800001,0.093199998,0.090000004,0.134000003,0.376006037,0.104463436,0.179577485,0.196428567,0.017467219,0.091160223,-6.250761986,39.1071434,1.361428618,2.046869278,0.998181343
763,Mudflat,4,988,0.083300002,0.096299998,0.097900003,0.157800004,0.4762896,0.133651659,0.24203071,0.23425889,-0.008238954,0.118896388,-9.846539497,23.93571472,0.404696316,6.511953354,0.923112392
764,Mudflat,4,989,0.086400002,0.103,0.103200004,0.164399996,0.458318055,0.134730518,0.229618534,0.22869952,-0.000969948,0.119593523,-10.28698254,21.0357151,0.608882904,5.58779192,0.901615679
765,Mudflat,4,990,0.077799998,0.093400002,0.091799997,0.146599993,0.451532394,0.122991286,0.221666634,0.22986576,0.008639335,0.11132177,-7.84054184,30.74285698,0.514564812,6.821565628,0.976075828
766,Mudflat,4,991,0.073299997,0.094599999,0.091799997,0.160799995,0.532360375,0.148470104,0.259201229,0.273159146,0.015021474,0.137523249,-7.760354042,32.84999847,0.704621851,5.040544987,0.990919709
767,Mudflat,4,992,0.074199997,0.089900002,0.083300002,0.167400002,0.636665523,0.189295039,0.30120483,0.335460693,0.038106233,0.168043166,-8.65807724,20.79999924,0.70368582,5.388712883,0.879126072
768,Mudflat,4,993,0.059099998,0.071999997,0.056299999,0.1118,0.546700358,0.137874499,0.216539741,0.330160618,0.122369431,0.124607094,-7.149341583,37.2857132,0.796940267,4.254709244,0.987961829
769,Mudflat,4,994,0.075999998,0.094800003,0.097800002,0.142800003,0.389052629,0.097016215,0.202020198,0.187032416,-0.015576317,0.091142319,-8.335333824,31.02857208,0.616002381,6.132268429,0.981014132
770,Mudflat,4,995,0.094599999,0.107600003,0.110600002,0.157800004,0.365005374,0.106124654,0.189148456,0.175856933,-0.013748848,0.092139512,-8.330294609,26.5357151,0.483944058,7.013848782,0.950695932
771,Mudflat,4,996,0.047200002,0.059999999,0.0568,0.182600006,1.030838966,0.268941343,0.505358636,0.52548039,0.027397245,0.255206943,-8.321847916,23.56428528,0.483968794,6.349926472,0.837244093
772,Mudflat,4,997,0.069799997,0.085600004,0.087899998,0.157199994,0.577634633,0.149211943,0.294892877,0.282741725,-0.013256451,0.139511466,-9.900234222,17.97142792,1.078872561,3.464282274,0.970816135
773,Mudflat,4,998,0.058600001,0.081,0.078299999,0.180000007,0.773038626,0.210071906,0.379310369,0.393728256,0.016949158,0.201173693,-8.604005814,25.54285622,0.476091892,6.907579422,0.955093086
774,Mudflat,4,999,0.074699998,0.094599999,0.087399997,0.161400005,0.558365226,0.164364114,0.260937512,0.297427684,0.039560456,0.148237199,-7.396305561,33.56428528,0.50992924,6.467794418,0.974532008
775,Mudflat,4,1000,0.078599997,0.096000001,0.089000002,0.157000005,0.517529488,0.154335007,0.241106734,0.276422769,0.037837833,0.136729226,-6.693114758,31.38571358,0.46294558,6.84789753,0.949701369
776,Mudflat,4,1001,0.074500002,0.086499996,0.074000001,0.072700001,-0.095545009,-0.003392661,-0.086683385,-0.00886162,0.077881597,-0.003015308,-7.505921364,30.3571434,0.54373008,6.480550766,0.960656106
777,Mudflat,4,1002,0.060699999,0.084600002,0.076800004,0.163200006,0.677191257,0.184812829,0.317191303,0.359999985,0.048327122,0.175135136,-6.272165298,32.84999847,0.602873504,6.307148457,0.956627727
778,Mudflat,4,1003,0.0491,0.064199999,0.064400002,0.205200002,1.045640469,0.287734509,0.523385286,0.522255182,-0.001555236,0.274428278,-8.786338806,25.87142944,0.781793416,5.495834351,0.975765169
779,Mudflat,4,1004,0.051600002,0.072999999,0.064999998,0.1664,0.828344285,0.216777846,0.390142024,0.438202262,0.057971027,0.207957342,-6.827940464,32.73571396,0.655265808,5.365461349,0.914508998
780,Sparse_Mangrove,6,1005,0.0447,0.062399998,0.053599998,0.208800003,1.131286502,0.32464546,0.539822996,0.591463447,0.075862072,0.305351526,-6.906692982,38.27857208,1.03285718,2.850560188,0.997654736
781,Sparse_Mangrove,6,1006,0.036899999,0.053800002,0.040199999,0.253600001,1.376311898,0.437995166,0.649967432,0.726344466,0.144680887,0.403250188,-7.012080193,36.32857132,0.752756715,5.336841583,0.992059588
782,Sparse_Mangrove,6,1007,0.0228,0.048999999,0.031199999,0.263399988,1.474486947,0.453657389,0.686299622,0.788187385,0.221945137,0.43833375,-8.50097847,26.94285774,0.584262609,6.179539204,0.959867239
783,Sparse_Mangrove,6,1008,0.0273,0.048599999,0.0244,0.281399995,1.545873165,0.525326014,0.705454528,0.840418577,0.331506848,0.478406549,-8.543009758,29.66428566,0.362950176,7.423249722,0.908192337
784,Sparse_Mangrove,6,1009,0.037799999,0.0592,0.0427,0.245199993,1.314407349,0.415674508,0.611038089,0.7033692,0.161923453,0.385518461,-6.496024609,38.99285889,1.421428561,1.361376762,0.999239445
785,Sparse_Mangrove,6,1010,0.0396,0.0594,0.039900001,0.249799997,1.340325236,0.440152645,0.615782678,0.724542618,0.19637461,0.398695707,-6.6813941,39.20000076,1.442857146,1.27952981,0.999275327
786,Sparse_Mangrove,6,1011,0.041999999,0.0603,0.0405,0.244800001,1.320808053,0.435496241,0.604719758,0.716088355,0.196428567,0.39023304,-7.951420784,34.6428566,0.71042794,5.305683136,0.989342153
787,Sparse_Mangrove,6,1012,0.046100002,0.058200002,0.0414,0.240400001,1.316355467,0.435239047,0.610180855,0.706174612,0.168674707,0.381811202,-6.140431404,37.6071434,0.890595555,4.109447479,0.989652693
788,Sparse_Mangrove,6,1013,0.048599999,0.0638,0.052700002,0.209800005,1.132101893,0.338140339,0.533625722,0.598476171,0.095278949,0.309049189,-5.186641693,37.95714188,0.987782776,3.940547228,0.995124042
789,Sparse_Mangrove,6,1014,0.0372,0.054200001,0.042199999,0.235400006,1.321655989,0.399305582,0.625690639,0.695965409,0.12448135,0.372685194,-6.257155418,38.84999847,1.227142811,2.500526667,0.997459292
790,Dense_Mangrove,5,1015,0.0272,0.057999998,0.0317,0.335200012,1.532185674,0.574201643,0.704984784,0.82720089,0.293199539,0.52514708,-8.54718399,28.91428566,0.609473526,5.986080647,0.974239767
791,Dense_Mangrove,5,1016,0.0359,0.054900002,0.0309,0.310000002,1.517810822,0.569057643,0.699095607,0.818715155,0.279720306,0.497859448,-8.682096481,27.25,0.673219144,5.28410244,0.981952488
792,Dense_Mangrove,5,1017,0.0285,0.046799999,0.029300001,0.253199995,1.480566382,0.460604817,0.688000023,0.792566359,0.229960561,0.429201275,-6.552585602,36.51428604,0.844937623,4.909494877,0.990265906
793,Dense_Mangrove,5,1018,0.032200001,0.046,0.031800002,0.224600002,1.411964893,0.410597146,0.660014808,0.751950085,0.182519257,0.382337391,-8.210613251,32.77142715,0.434700817,6.436130524,0.973522007
794,Dense_Mangrove,5,1019,0.030999999,0.051399998,0.027799999,0.276199996,1.503307939,0.513011158,0.686202705,0.817105293,0.297979802,0.463432819,-7.846981049,32.41428757,0.676910162,5.674734592,0.988089502
795,Dense_Mangrove,5,1020,0.0438,0.052499998,0.035700001,0.207000002,1.301185369,0.391919106,0.595375717,0.705809653,0.190476164,0.345967412,-6.706016064,37.37857056,1.02429688,3.930562496,0.996056676
796,Dense_Mangrove,5,1021,0.038400002,0.052999999,0.035799999,0.221599996,1.335817695,0.404475808,0.613983989,0.721833706,0.193693697,0.367969364,-6.781912804,35.8571434,0.943426013,4.48672533,0.993238926
797,Dense_Mangrove,5,1022,0.0385,0.058600001,0.035599999,0.2412,1.351847291,0.440804422,0.609072685,0.742774546,0.244161382,0.397013396,-5.827354431,36.50714111,0.747470021,5.007540703,0.980903804
798,Dense_Mangrove,5,1023,0.0392,0.051199999,0.035,0.266400009,1.445332408,0.489259154,0.677581906,0.767750502,0.187935024,0.433117062,-7.185846329,35.1071434,0.688203692,5.141105175,0.987500727
799,Dense_Mangrove,5,1024,0.0283,0.040600002,0.029899999,0.207800001,1.421530247,0.378526747,0.673107862,0.748422384,0.15177308,0.361732423,-8.294427872,25.45714378,0.63468641,5.973619938,0.969872534
800,Dense_Mangrove,5,1025,0.037300002,0.052999999,0.030099999,0.248199999,1.431761026,0.474522442,0.648074389,0.783686697,0.275571615,0.420339197,-7.090346336,32.25714111,0.713523626,5.749206543,0.986713767
801,Dense_Mangrove,5,1026,0.0438,0.0493,0.035999998,0.226999998,1.369377255,0.428443253,0.643141508,0.726235747,0.155920297,0.37549147,-7.347952843,33.5357132,0.606844306,5.960253716,0.975779653
802,Dense_Mangrove,5,1027,0.036600001,0.0526,0.0385,0.194000006,1.242215395,0.337896585,0.573398232,0.668817222,0.154774979,0.318430036,-7.479990959,35.20714188,0.58243686,6.110998631,0.980735421
803,Dense_Mangrove,5,1028,0.035300002,0.059599999,0.0306,0.289799988,1.467832446,0.536135316,0.658843696,0.80898875,0.321507752,0.47391516,-7.929568768,28.70714378,0.949250162,4.723376274,0.991353989
804,Dense_Mangrove,5,1029,0.034400001,0.052900001,0.032699998,0.268400013,1.453509212,0.488355756,0.670712709,0.782796443,0.235981345,0.441330701,-6.990821362,35.58571243,0.949075639,4.477614403,0.99539572
805,Dense_Mangrove,5,1030,0.040800001,0.052200001,0.029899999,0.280800015,1.494017839,0.543450058,0.686486483,0.807531416,0.271619976,0.464228451,-7.909648895,27.62857056,0.581558168,5.967861176,0.978773415
806,Dense_Mangrove,5,1031,0.0262,0.047899999,0.024599999,0.308800012,1.583856463,0.563933671,0.731427014,0.852429509,0.321379304,0.511519074,-10.63057518,20.88571358,0.576087236,6.734471321,0.916138828
807,Dense_Mangrove,5,1032,0.0283,0.044100001,0.0296,0.226600006,1.443108559,0.413188487,0.674178064,0.768930554,0.196743578,0.39076966,-6.868685722,34.31428528,0.6864236,5.493456841,0.988467634
808,Dense_Mangrove,5,1033,0.036800001,0.054200001,0.031099999,0.282200009,1.479232788,0.526282728,0.677764595,0.801468253,0.270808935,0.463113248,-6.956659317,38.01428604,1.188571453,2.917441607,0.998144269
809,Dense_Mangrove,5,1034,0.045000002,0.052999999,0.0359,0.1998,1.276071668,0.380207866,0.580696225,0.695375502,0.192350939,0.334171534,-6.177527428,37.43571472,0.856554627,4.11916399,0.99574399
810,Dense_Mangrove,5,1035,0.031300001,0.0462,0.030200001,0.25999999,1.490104079,0.476190448,0.698236465,0.791867673,0.209424064,0.436218649,-6.429592133,32.94285583,0.533334911,6.15640831,0.96026808
811,Dense_Mangrove,5,1036,0.0263,0.044,0.0231,0.240199998,1.514893651,0.459354222,0.690358877,0.824534774,0.311475396,0.426634341,-5.715423584,34.77857208,0.537089109,6.207586765,0.971508205
812,Dense_Mangrove,5,1037,0.023399999,0.035799999,0.028000001,0.203999996,1.460038543,0.36773923,0.701417863,0.758620679,0.122257024,0.360655725,-7.793025017,31.27857208,0.568251729,6.30667448,0.966596186
813,Dense_Mangrove,5,1038,0.0211,0.029100001,0.0207,0.245199993,1.632125854,0.463402539,0.787823558,0.844302356,0.168674707,0.439678788,-8.112504959,28.7857151,1.2248317,3.035923958,0.992021084
814,Dense_Mangrove,5,1039,0.024900001,0.040199999,0.025,0.224800006,1.496443629,0.420436859,0.696603775,0.799839854,0.233128816,0.399706602,-8.075632095,28.11428642,0.634953558,5.857512474,0.982025921
815,Dense_Mangrove,5,1040,0.0242,0.0396,0.0298,0.209399998,1.432763815,0.372089177,0.681927681,0.750836134,0.141210377,0.364448041,-7.111094475,30.95714378,0.578148484,5.866202831,0.976618469
816,Dense_Mangrove,5,1041,0.013,0.031199999,0.018200001,0.243599996,1.633888364,0.448896676,0.772925794,0.86096257,0.263157874,0.443817258,-7.678896904,30.25,0.452564269,6.999778748,0.966423869
817,Dense_Mangrove,5,1042,0.023800001,0.041700002,0.0261,0.241999999,1.511324048,0.442381769,0.706027508,0.80529654,0.230088502,0.42162478,-7.831973553,28.11428642,0.453213125,6.578035355,0.959988832
818,Dense_Mangrove,5,1043,0.026900001,0.036800001,0.024599999,0.204400003,1.48001194,0.390784621,0.694859028,0.785152853,0.19869709,0.369958848,-7.782043457,30.22857094,0.467432559,6.854410648,0.968587816
819,Sparse_Mangrove,6,1044,0.030099999,0.039500002,0.037700001,0.149399996,1.178796172,0.242857754,0.581789255,0.597006917,0.02331607,0.243850961,-7.512095451,30.73571396,0.467917264,6.661620617,0.964707971
820,Sparse_Mangrove,6,1046,0.0295,0.042399999,0.037099998,0.169400007,1.240300298,0.282511234,0.599622309,0.640677989,0.06666667,0.280891746,-6.141648293,36.2142868,0.742799401,5.180857658,0.985096455
821,Sparse_Mangrove,6,1047,0.032400001,0.040199999,0.036899999,0.150800005,1.185876966,0.252169698,0.579057634,0.606819391,0.042801559,0.248436823,-5.651251793,33.17856979,0.365271062,6.892055035,0.966943502
822,Sparse_Mangrove,6,1048,0.034400001,0.048099998,0.0392,0.169400007,1.181862235,0.283882797,0.55770117,0.624161065,0.101947285,0.275613904,-8.097978592,30.30714226,0.623628795,6.163081646,0.983881116
823,Dense_Mangrove,5,1049,0.026900001,0.0359,0.026900001,0.234200001,1.528121233,0.434099764,0.734172523,0.79394865,0.143312097,0.408553421,-6.8684268,34.25714111,0.794237792,5.114545345,0.985298336
824,Dense_Mangrove,5,1050,0.0232,0.035799999,0.024700001,0.208199993,1.494449139,0.387982041,0.706557393,0.787891805,0.183471039,0.375562817,-8.31131649,33.04285812,0.517931223,5.909788609,0.980566025
825,Dense_Mangrove,5,1051,0.023,0.037099998,0.0266,0.199599996,1.451332927,0.364456058,0.68652302,0.764809906,0.164835155,0.357339561,-8.145923615,29.2142849,0.817370415,4.80964613,0.987749159
826,Sparse_Mangrove,6,1052,0.032400001,0.041700002,0.033399999,0.185800001,1.328662038,0.33327502,0.633406579,0.695255458,0.110519342,0.317853183,-7.563488007,32.01428604,0.51881969,6.058041573,0.96718514
827,Sparse_Mangrove,6,1053,0.024800001,0.037700001,0.023700001,0.220799997,1.514452219,0.418649107,0.70831722,0.806134939,0.228013024,0.397112161,-8.451322556,29.0357151,0.568858802,5.898595333,0.97878772
828,Sparse_Mangrove,6,1059,0.0294,0.0473,0.0392,0.218999997,1.341120958,0.364351124,0.644761562,0.696359396,0.093641609,0.355710894,-7.868981361,28.98571396,0.824549019,5.170497417,0.990426421
829,Sparse_Mangrove,6,1060,0.036899999,0.0493,0.049400002,0.137199998,0.941838861,0.189739361,0.471313655,0.470525175,-0.001013188,0.191814736,-8.199300766,25.06428528,0.480714649,6.704323769,0.960548043
830,Sparse_Mangrove,6,1066,0.039900001,0.048099998,0.037799999,0.216999993,1.340414762,0.391420215,0.637118042,0.703296721,0.119906865,0.356120825,-6.321660042,38.37857056,1.147142887,3.111466885,0.997706115
831,Sparse_Mangrove,6,1067,0.039999999,0.051800001,0.036400001,0.2368,1.374554157,0.433691114,0.641025662,0.733528554,0.174603164,0.388773918,-7.001487732,37.13571548,0.815489292,4.781534195,0.990175068
832,Sparse_Mangrove,6,1068,0.0381,0.054699998,0.040600002,0.205200002,1.248718977,0.353811085,0.579068899,0.669650137,0.147953793,0.331053913,-6.864005089,35.23571396,0.641747057,6.006150723,0.980752528
833,Mudflat,4,1069,0.060600001,0.074000001,0.074699998,0.155399993,0.705555737,0.175572187,0.354838699,0.350717068,-0.004707444,0.165799201,-6.938526154,34.18571472,0.614415705,5.366735458,0.985638797
834,Mudflat,4,1070,0.057799999,0.070299998,0.063000001,0.154799998,0.796876311,0.208769202,0.375388712,0.4214876,0.054763667,0.191836163,-7.010540962,35.17142868,0.649209082,5.190135956,0.986165643
835,Mudflat,4,1071,0.0506,0.062399998,0.056000002,0.152799994,0.883675873,0.218155578,0.420074344,0.4636015,0.054054026,0.204853252,-6.640852928,37.50714111,1.06798315,3.917512417,0.997175217
836,Mudflat,4,1072,0.077399999,0.0964,0.088600002,0.224399999,0.832868278,0.288813263,0.399002492,0.433865815,0.04216215,0.250553489,-7.996166706,26.3571434,0.331795424,7.587110519,0.946224809
837,Mudflat,4,1073,0.050000001,0.065800004,0.064000003,0.187000006,0.969470203,0.257107019,0.479430377,0.490039825,0.013867493,0.245672435,-5.732804298,38.98571396,1.324537873,2.182846308,0.998216808
838,Mudflat,4,1074,0.060400002,0.0722,0.072300002,0.147,0.681870162,0.165587872,0.341240883,0.34062925,-0.000692053,0.155776441,-7.382521152,37.04999924,0.910840333,4.12146759,0.995634794
839,Mudflat,4,1075,0.0537,0.0713,0.071500003,0.158800006,0.759340227,0.184169441,0.380269468,0.379070759,-0.001400584,0.179309875,-6.82126236,36.5,0.808336973,4.969150066,0.992041528
840,Mudflat,4,1076,0.063299999,0.069799997,0.067000002,0.143600002,0.709552169,0.178829893,0.345829457,0.363722682,0.020467801,0.161694348,-8.410234451,33.97857285,0.553561985,6.451756477,0.974404335
841,Mudflat,4,1077,0.048700001,0.064300001,0.057,0.218600005,1.131779432,0.337976336,0.545422435,0.586357057,0.060181372,0.312532246,-7.17193222,35.47857285,0.634224057,5.803215504,0.988038421
842,Mudflat,4,1078,0.0548,0.070900001,0.0647,0.152799994,0.771172762,0.194911495,0.366115302,0.40505746,0.045722719,0.184181169,-7.403253555,37.83571243,0.870129287,4.079026222,0.994763553
843,Mudflat,4,1079,0.072800003,0.082400002,0.088200003,0.145600006,0.522701979,0.127126157,0.27719298,0.245508984,-0.033997662,0.117334425,-7.372549534,31.97142792,0.766410649,5.194370747,0.990054846
844,Mudflat,4,1080,0.112999998,0.136800006,0.154200003,0.231000006,0.455494404,0.146710485,0.256117433,0.199376956,-0.0597938,0.130140081,-8.496355057,25.12142944,0.632905364,6.121530056,0.973800004
845,Mudflat,4,1081,0.053399999,0.064099997,0.069499999,0.120399997,0.573184848,0.111927167,0.305149049,0.268035799,-0.040419176,0.110668205,-6.532855034,38.47142792,1.125714302,2.609379768,0.998265088
846,Mudflat,4,1082,0.053199999,0.064000003,0.0678,0.119199999,0.576176345,0.114019513,0.301310003,0.274866313,-0.028831542,0.112227067,-5.493220329,39.09999847,1.358823538,2.011760712,0.998562932
847,Mudflat,4,1083,0.0482,0.060800001,0.0471,0.0678,0.234588996,0.052330874,0.054432344,0.180156663,0.126969427,0.050496016,-6.775594711,37.37857056,0.867647052,4.316950798,0.995124638
848,Mudflat,4,1084,0.0568,0.071400002,0.068000004,0.093199998,0.288769782,0.058593735,0.132442266,0.156327501,0.024390228,0.057168771,-8.337352753,27.5,0.585545182,6.62127924,0.974520624
849,Mudflat,4,1085,0.134599999,0.159600005,0.173999995,0.240600005,0.363035589,0.130578011,0.202398792,0.160636783,-0.043165438,0.109228097,-9.874806404,16.35000038,1.072857141,3.460550785,0.988328516
850,Mudflat,4,1086,0.112199999,0.120999999,0.121799998,0.092600003,-0.26915279,-0.074345641,-0.132958785,-0.136194006,-0.003294887,-0.06131018,-7.157758713,25.40714264,0.367514491,6.488190174,0.799984932
851,Mudflat,4,1087,0.0836,0.094899997,0.104599997,0.170399994,0.523856223,0.140478224,0.284583479,0.239272729,-0.048621558,0.127354831,-9.277640343,27.60000038,0.423334956,6.906266212,0.949728906
852,Mudflat,4,1088,0.137799993,0.163200006,0.173199996,0.246000007,0.37601018,0.145402268,0.202346042,0.173664153,-0.029726487,0.118798971,-9.359537125,21.1071434,0.769178808,4.612564564,0.945936859
853,Mudflat,4,1089,0.068700001,0.081699997,0.083899997,0.1664,0.67099911,0.178641036,0.341394603,0.329604477,-0.013285024,0.164934039,-8.950963974,26.37857056,0.437528878,6.685951233,0.934060216
854,Dense_Mangrove,5,1090,0.041499998,0.053599998,0.037599999,0.223800004,1.325872779,0.408997059,0.613554478,0.712318301,0.175438583,0.366824269,-7.016910553,38.17142868,1.068571448,3.545977592,0.996988237
855,Dense_Mangrove,5,1091,0.036200002,0.051800001,0.032600001,0.224800006,1.372149706,0.418226153,0.625451922,0.746697724,0.22748816,0.380644321,-5.952343941,38.54285812,1.19428575,2.626897812,0.998386621
856,Dense_Mangrove,5,1092,0.033399999,0.044199999,0.035999998,0.197600007,1.326189518,0.347347617,0.634408593,0.691780865,0.102244407,0.330425322,-6.55256176,38.31428528,1.262857199,2.422915936,0.998600304
857,Dense_Mangrove,5,1093,0.036400001,0.049699999,0.031500001,0.238199994,1.4211483,0.44771269,0.654741228,0.766407132,0.224137917,0.402819276,-7.330866814,34.92856979,0.598881125,6.106918812,0.985301256
858,Dense_Mangrove,5,1094,0.035300002,0.050099999,0.033599999,0.257800013,1.443958879,0.4691751,0.674569666,0.769389153,0.197132617,0.424943149,-5.932876587,37.23571396,0.852528691,4.685259342,0.991746366
859,Dense_Mangrove,5,1095,0.023600001,0.047899999,0.022600001,0.3116,1.598270416,0.568808079,0.733518779,0.864751637,0.358865231,0.519659579,-7.059518814,30.83571434,0.418122917,6.832214355,0.968408704
860,Dense_Mangrove,5,1096,0.033399999,0.046300001,0.0306,0.203400001,1.367616534,0.380114377,0.62915498,0.738461554,0.204161257,0.353133529,-7.02611351,35.70714188,0.796713114,5.240221977,0.990486741
861,Dense_Mangrove,5,1097,0.032600001,0.050000001,0.0319,0.243599996,1.427821636,0.444561094,0.659400523,0.768421054,0.221001238,0.409477741,-6.535601616,36.07857132,0.673686147,5.421247959,0.989144266
862,Dense_Mangrove,5,1098,0.032499999,0.045600001,0.0298,0.228599995,1.436745882,0.427104354,0.667396069,0.769349873,0.209549084,0.393196195,-6.02132225,39.15714264,1.345714331,1.872363687,0.998343825
863,Dense_Mangrove,5,1099,0.0307,0.047699999,0.028200001,0.271800011,1.513408422,0.502994001,0.701408446,0.811999977,0.25691697,0.456750005,-7.09666729,33.52857208,0.415488333,6.830782413,0.969721735
864,Dense_Mangrove,5,1100,0.0262,0.0528,0.0251,0.333999991,1.587196708,0.599526405,0.7269907,0.860206068,0.355584085,0.539343476,-8.915104866,23.72857094,1.025960684,4.270159245,0.974256337
865,Dense_Mangrove,5,1101,0.035,0.049199998,0.026799999,0.28580001,1.53480351,0.546828806,0.706268668,0.828534901,0.294736832,0.478095025,-7.988304138,25.77142906,0.557310879,6.364589691,0.970193684
866,Dense_Mangrove,5,1102,0.037799999,0.055,0.030200001,0.318399996,1.532145262,0.592467725,0.705409765,0.826735497,0.291079789,0.509427309,-8.671821594,24.37142944,0.656914413,5.778615952,0.978481889
867,Dense_Mangrove,5,1103,0.0337,0.0603,0.031599998,0.338800013,1.527193785,0.602046072,0.697820127,0.829373658,0.312296003,0.529411793,-6.769621849,25.76428604,0.559833348,6.289797306,0.9255687
868,Dense_Mangrove,5,1104,0.043400001,0.054200001,0.035300002,0.232600003,1.35850513,0.440834761,0.622036278,0.736468852,0.211173177,0.385401756,-7.824381351,29.36428642,0.308603764,7.459469318,0.944082141
869,Dense_Mangrove,5,1105,0.040199999,0.051800001,0.0341,0.218600005,1.346978664,0.411206216,0.616863906,0.730114758,0.20605357,0.367676377,-6.464762688,33.79999924,0.513537228,6.196797848,0.969059885
870,Dense_Mangrove,5,1106,0.0396,0.0451,0.033500001,0.195800006,1.333377123,0.368930727,0.625570774,0.707806349,0.14758268,0.33381325,-6.358402252,37,1.244124055,3.022220135,0.99669224
871,Dense_Mangrove,5,1107,0.045699999,0.0634,0.0341,0.320800006,1.477796793,0.606054187,0.669963539,0.807833195,0.30051282,0.503041327,-8.158870697,26.5714283,0.802986443,4.846585274,0.988590419
872,Dense_Mangrove,5,1108,0.032200001,0.055100001,0.0276,0.293199986,1.511536241,0.545469463,0.683606088,0.827930152,0.33252722,0.485380113,-6.709417343,36.34999847,0.961659551,4.025237083,0.991656721
873,Dense_Mangrove,5,1109,0.043699998,0.0634,0.033399999,0.345200002,1.513232589,0.640062392,0.689672053,0.823560476,0.309917361,0.532324135,-9.306324005,24.16428566,0.518603861,6.263472557,0.956546366
874,Dense_Mangrove,5,1110,0.031800002,0.062799998,0.030999999,0.357600003,1.541689873,0.625622571,0.701236904,0.840452909,0.339019179,0.551316679,-6.78433609,34.58571243,0.866218507,4.367778778,0.994957566
875,Dense_Mangrove,5,1111,0.046700001,0.048999999,0.035999998,0.228599995,1.374865174,0.439987212,0.646974087,0.727891147,0.152941182,0.377844632,-5.998250008,35.32857132,0.652330279,5.88616848,0.97403264
876,Sparse_Mangrove,6,1112,0.0361,0.052999999,0.042800002,0.166600004,1.10851717,0.268511683,0.517304182,0.591212988,0.106471792,0.261770517,-7.187191486,33.22857285,0.626075029,5.698085785,0.977552235
877,Sparse_Mangrove,6,1113,0.0363,0.051199999,0.041700002,0.191,1.218807578,0.319303632,0.577208936,0.641598582,0.102260463,0.305650324,-6.332082748,38.12857056,1.060504198,3.756462336,0.996397197
878,Sparse_Mangrove,6,1114,0.0374,0.052700002,0.043200001,0.182600006,1.169421673,0.300094724,0.5520612,0.617360473,0.099061526,0.288095891,-5.010658264,38.57143021,1.12050426,3.059389591,0.996877968
879,Sparse_Mangrove,6,1115,0.028100001,0.046,0.036200002,0.196600005,1.309778333,0.333319485,0.620774925,0.689003408,0.119221389,0.328329712,-5.707261086,39.22142792,1.492120266,1.37256813,0.997285783
880,Sparse_Mangrove,6,1116,0.0305,0.0436,0.036699999,0.206799999,1.350319862,0.354892552,0.651757181,0.698562622,0.085927784,0.343174189,-6.711987019,35.87142944,0.709053993,5.637504578,0.990173638
881,Sparse_Mangrove,6,1117,0.026799999,0.045600001,0.029100001,0.229800001,1.444048047,0.416943669,0.668845296,0.775202751,0.220883533,0.396692574,-8.671115875,26.70000076,0.703413069,4.771309853,0.985230088
882,Sparse_Mangrove,6,1118,0.032600001,0.0493,0.0407,0.182400003,1.209590912,0.299678534,0.574449718,0.635141194,0.095555559,0.29394275,-8.602092743,30.07857132,0.488051593,6.552439213,0.957326651
883,Sparse_Mangrove,6,1119,0.0231,0.039700001,0.0295,0.224399999,1.466981292,0.396734923,0.699356318,0.767625034,0.147398859,0.387783527,-6.827698708,36.4642868,1.138998032,3.463492393,0.996434569
884,Sparse_Mangrove,6,1120,0.0124,0.035799999,0.0241,0.253199995,1.578430176,0.438956141,0.752249122,0.826181054,0.195325524,0.44210729,-7.681224823,33.18571472,0.686592519,5.554000854,0.98678267
885,Mudflat,4,1121,0.053800002,0.075000003,0.076200001,0.167400002,0.755572319,0.186716899,0.381188095,0.374384224,-0.007936494,0.183969885,-8.304624557,26.6428566,1.004579067,4.406708717,0.984900713
886,Mudflat,4,1122,0.044799998,0.057999998,0.0572,0.154400006,0.913217962,0.209194228,0.45386067,0.459357291,0.006944433,0.2048904,-8.17133522,33.59999847,0.688299954,5.120231152,0.988265395
887,Mudflat,4,1123,0.051199999,0.0748,0.061799999,0.177000001,0.88828975,0.247465208,0.40587768,0.48241207,0.095168374,0.233892798,-8.377328873,30.55714226,0.623692214,5.822958469,0.982786655
888,Mudflat,4,1124,0.106399998,0.125599995,0.136600003,0.202199996,0.427303612,0.13400881,0.233679086,0.193624541,-0.041952737,0.117310435,-7.820766449,31.6428566,0.540739357,5.985411167,0.984423399
889,Mudflat,4,1125,0.048999999,0.059999999,0.055199999,0.175400004,1.011478305,0.263804764,0.490229428,0.521248937,0.04166666,0.24678348,-7.210513115,32.20000076,0.511823952,6.453420639,0.964173019
890,Mudflat,4,1126,0.049800001,0.063000001,0.058400001,0.153999999,0.86944896,0.211336106,0.419354826,0.450094163,0.037891265,0.201291397,-7.107935429,36.27857208,1.083871961,3.839099169,0.9959234
891,Dense_Mangrove,5,1129,0.038600001,0.051800001,0.034200002,0.284399986,1.477160811,0.521206558,0.691850066,0.785310745,0.204651162,0.458465666,-7.888224602,33,0.689838409,5.009413719,0.989208698
892,Dense_Mangrove,5,1130,0.039099999,0.053199999,0.032600001,0.282200009,1.475651264,0.526782334,0.682766855,0.79288435,0.240093231,0.45949927,-6.226874352,36.2857132,1.00131166,4.149594784,0.990701854
893,Dense_Mangrove,5,1131,0.044500001,0.057300001,0.037099998,0.262600005,1.394182205,0.489600092,0.641763031,0.752419114,0.213983089,0.422971129,-7.799920082,33.5,0.596741676,5.749596119,0.976580441
894,Dense_Mangrove,5,1132,0.034400001,0.052999999,0.0306,0.298400015,1.512331247,0.546977162,0.698349476,0.813981771,0.267942578,0.484559715,-8.685861588,28.10000038,0.516101301,6.540322781,0.96795994
895,Dense_Mangrove,5,1133,0.036200002,0.0414,0.025900001,0.210999995,1.453291655,0.422641337,0.671949267,0.781342328,0.230312034,0.376781106,-10.65813637,17.59285736,0.734444201,5.381483555,0.930682838
896,Dense_Mangrove,5,1134,0.036400001,0.048999999,0.035399999,0.249799997,1.4237746,0.450723171,0.672021449,0.751753151,0.161137432,0.409577161,-5.769512177,36.08571243,0.65176028,5.645799637,0.988721311
897,Dense_Mangrove,5,1135,0.034499999,0.049199998,0.033399999,0.277999997,1.484751463,0.501373351,0.699266493,0.78548491,0.191283286,0.452181399,-7.776061058,30.97857094,0.856473565,4.726559162,0.989458501
898,Dense_Mangrove,5,1136,0.040800001,0.046,0.0374,0.201800004,1.316023827,0.366898775,0.62873286,0.687290967,0.103117511,0.333603889,-8.068603516,34.16428757,0.662042141,5.771963596,0.986109257
899,Dense_Mangrove,5,1137,0.038400002,0.049400002,0.033100002,0.286599994,1.498883247,0.529360175,0.705952346,0.792930841,0.197575748,0.463889211,-9.514259338,23.40714264,0.369461119,7.115592003,0.931596577
900,Dense_Mangrove,5,1138,0.035,0.0473,0.030400001,0.264800012,1.490929961,0.494640023,0.696892023,0.794037938,0.217503205,0.442152947,-7.139414787,28.95000076,0.539072752,6.469737053,0.964950979
901,Dense_Mangrove,5,1139,0.035399999,0.0535,0.032099999,0.321999997,1.533741832,0.580217779,0.715046585,0.818695307,0.25,0.509132445,-7.471529484,32.0357132,0.59855473,5.716549873,0.976580977
902,Sparse_Mangrove,6,1140,0.052000001,0.062199999,0.062600002,0.226400003,1.135735631,0.337871283,0.568953574,0.566781998,-0.003205153,0.311406851,-13.26029587,13.10000038,1.311428547,2.332172871,0.988303125
903,Dense_Mangrove,5,1141,0.034899998,0.047499999,0.032299999,0.232999995,1.417821169,0.430668205,0.661319077,0.756502092,0.190476194,0.393375129,-8.498570442,24.20000076,0.411009997,7.481868267,0.927600563
904,Dense_Mangrove,5,1142,0.033599999,0.055300001,0.034000002,0.31279999,1.503459692,0.55107522,0.699538171,0.80392158,0.238521814,0.493859231,-8.060230255,30.00714302,0.504719555,6.621213913,0.952789724
905,Dense_Mangrove,5,1143,0.031399999,0.049800001,0.029999999,0.255600005,1.463786364,0.469960839,0.673870325,0.789915979,0.248120323,0.430753559,-8.512908936,26.25,0.550461709,6.701389313,0.958709657
906,Dense_Mangrove,5,1144,0.039999999,0.055,0.041200001,0.216999993,1.27645576,0.377512425,0.595588207,0.680867553,0.143451124,0.347797394,-8.112095833,26.13571358,0.435949475,5.786913395,0.95342797
907,Sparse_Mangrove,6,1145,0.033799998,0.057399999,0.045400001,0.267800003,1.35707593,0.432113141,0.646986485,0.710089386,0.116731502,0.410231173,-11.91037178,13.86428547,1.124285698,3.331908464,0.982974052
908,Dense_Mangrove,5,1147,0.039999999,0.055399999,0.0307,0.2852,1.480326414,0.544082403,0.674691737,0.805634677,0.286875725,0.467888236,-7.853039742,30.77142906,0.546942353,6.135313988,0.98074007
909,Dense_Mangrove,5,1148,0.042100001,0.0502,0.038400002,0.202399999,1.283596754,0.367038161,0.602533638,0.681063116,0.133182824,0.33207342,-8.348816872,26.04999924,0.345826566,7.161002636,0.959071875
910,Dense_Mangrove,5,1149,0.0307,0.0429,0.025699999,0.226799995,1.478304386,0.436888993,0.681868732,0.796435654,0.250728875,0.400863796,-7.873528004,30.12142944,0.509227514,6.059970856,0.977847278
911,Dense_Mangrove,5,1150,0.0287,0.039900001,0.030999999,0.250999987,1.505820751,0.450173914,0.725678921,0.78014183,0.125528932,0.421994865,-5.526028633,35.59999847,0.754398406,5.457023621,0.986993313
912,Dense_Mangrove,5,1151,0.035,0.049699999,0.031500001,0.225600004,1.393898487,0.421187401,0.638939321,0.754959166,0.224137917,0.384559512,-8.526319504,27.17142868,0.346581429,7.324193478,0.930664897
913,Dense_Mangrove,5,1152,0.037500001,0.047200002,0.0296,0.223399997,1.417153478,0.432685852,0.651145577,0.7660079,0.229166687,0.386055768,-6.922649384,31.33571434,0.671578765,5.800690651,0.980569363
914,Dense_Mangrove,5,1153,0.0274,0.0403,0.0254,0.259000003,1.552083373,0.484285593,0.730704963,0.82137835,0.226788446,0.446710855,-9.275842667,21.89999962,0.517639875,6.606227398,0.945486605
915,Dense_Mangrove,5,1154,0.034200002,0.046399999,0.032900002,0.239399999,1.433652163,0.437388808,0.675297439,0.758354723,0.170239568,0.401074708,-8.082224846,29.77142906,0.426880211,6.951344013,0.96761018
916,Dense_Mangrove,5,1155,0.0462,0.051100001,0.035999998,0.230399996,1.366674662,0.441858351,0.63694495,0.729729712,0.173363984,0.38048017,-7.235499382,31.18571472,0.571377635,6.146811485,0.981241703
917,Dense_Mangrove,5,1156,0.035399999,0.044199999,0.032900002,0.213799998,1.390643597,0.394736826,0.657364368,0.733279288,0.146562874,0.363398939,-7.902989388,28.79285622,0.449744582,6.755438328,0.969404042
918,Dense_Mangrove,5,1157,0.037999999,0.046500001,0.034600001,0.222399995,1.384885788,0.410043657,0.654146492,0.730739295,0.146732435,0.372126818,-8.397083282,29.72857094,0.452019572,6.778238297,0.970101774
919,Dense_Mangrove,5,1158,0.030200001,0.043699998,0.032000002,0.235599995,1.447911859,0.423778176,0.68707484,0.760837078,0.154557422,0.397863448,-7.36687088,31.5714283,0.701051295,5.966444969,0.980333686
920,Dense_Mangrove,5,1159,0.0392,0.046799999,0.030999999,0.222399995,1.407630682,0.429379046,0.6523031,0.755327523,0.203084826,0.381072462,-6.739210129,34.50714111,0.706676245,5.655246258,0.980890393
921,Dense_Mangrove,5,1160,0.035300002,0.048300002,0.032400001,0.204799995,1.345145464,0.379919767,0.618332684,0.72681278,0.197026029,0.350786746,-7.285377502,34.12857056,0.762275398,5.10883522,0.991038382
922,Dense_Mangrove,5,1161,0.042199999,0.049600001,0.036400001,0.221799999,1.352535844,0.412476629,0.634487808,0.718048036,0.153488368,0.366789758,-7.130541325,32.92856979,0.736397207,5.754995823,0.987981558
923,Dense_Mangrove,5,1162,0.048900001,0.051600002,0.0392,0.211400002,1.29475534,0.398666471,0.607604563,0.687150836,0.136563882,0.344124705,-8.343710899,28.27142906,0.765294373,5.266561508,0.981512785
924,Dense_Mangrove,5,1163,0.0374,0.048799999,0.0374,0.217399999,1.339794755,0.387496769,0.633358359,0.706436396,0.132250577,0.35771066,-7.078772545,30.79999924,0.398506433,7.201634884,0.951411366
925,Dense_Mangrove,5,1164,0.0528,0.056200001,0.038800001,0.2456,1.354712725,0.477642268,0.627567947,0.727144837,0.183157891,0.3954615,-8.833433151,28.52142906,0.530625641,6.330807209,0.974262118
926,Dense_Mangrove,5,1165,0.038699999,0.045400001,0.032099999,0.202399999,1.359801412,0.385381311,0.633575439,0.726226032,0.171612918,0.347787619,-8.129933357,30.47857094,0.593735874,6.263848305,0.973519564
927,Dense_Mangrove,5,1166,0.041900001,0.048,0.036499999,0.1954,1.290796638,0.361087143,0.605587482,0.685209155,0.136094689,0.325659245,-6.749774456,30.92142868,0.589915454,6.539245129,0.977889955
928,Dense_Mangrove,5,1167,0.0308,0.047899999,0.030400001,0.227200001,1.415738106,0.417444438,0.651763022,0.763975143,0.223499343,0.389651537,-8.16884613,28.45000076,0.413629442,7.224051952,0.933723211
929,Dense_Mangrove,5,1168,0.028000001,0.040100001,0.0277,0.2412,1.508870602,0.445757478,0.714895129,0.793975472,0.182890877,0.416504085,-7.918258667,29.51428604,0.646616518,6.067817211,0.983558893
930,Dense_Mangrove,5,1169,0.030400001,0.039500002,0.0264,0.196999997,1.429614544,0.378304064,0.665961921,0.763652623,0.198786065,0.353746206,-8.048912048,26.04285622,0.700633824,5.669610023,0.964403391
931,Dense_Mangrove,5,1170,0.0262,0.044599999,0.0276,0.247400001,1.493793249,0.451705724,0.694520533,0.799272716,0.235457063,0.42541936,-6.962332726,36.32143021,1.001425624,4.025636196,0.992525816
932,Dense_Mangrove,5,1171,0.034400001,0.0451,0.031399999,0.209199995,1.384286642,0.39004913,0.645300806,0.738985896,0.179084986,0.360113412,-7.752605438,27.79285622,0.321814716,8.003987312,0.936032832
933,Dense_Mangrove,5,1172,0.0405,0.049800001,0.033500001,0.230000004,1.389762044,0.435795069,0.644031465,0.745730519,0.195678264,0.386051089,-7.740008831,29.51428604,0.658545792,6.162550926,0.976539373
934,Dense_Mangrove,5,1173,0.037500001,0.046399999,0.032099999,0.230800003,1.421024323,0.434925377,0.665223658,0.755800664,0.182165608,0.390680313,-7.606956005,29.85000038,0.684991539,5.520186424,0.984609067
935,Dense_Mangrove,5,1174,0.032499999,0.041200001,0.030400001,0.224199995,1.450719237,0.416648746,0.689525247,0.76119405,0.150837988,0.385237217,-8.447617531,25.73571396,0.655632019,6.503923893,0.976587057
936,Dense_Mangrove,5,1175,0.0385,0.046399999,0.035,0.208399996,1.348200321,0.38374716,0.635792792,0.712407529,0.14004913,0.349878937,-7.440609932,34.42142868,0.57363838,6.510992527,0.981946468
937,Water,7,1176,0.104800001,0.120200001,0.112599999,0.0341,-1.093109488,-0.212460756,-0.558003902,-0.535105646,0.032646056,-0.182078242,-21.85808372,7.685714245,1.088571429,3.517607212,0.939797819
938,Water,7,1177,0.0858,0.102799997,0.104000002,0.039900001,-0.886233091,-0.157046258,-0.440784842,-0.44544822,-0.005802734,-0.149324432,-21.30957603,8.278571129,1.578571439,1.11909318,0.987847567
939,Water,7,1178,0.086400002,0.102200001,0.0977,0.042399999,-0.808272719,-0.140985116,-0.413554639,-0.394718081,0.022511264,-0.129589126,-21.74761963,8.67142868,1.205714345,2.81434083,0.961143672
940,Water,7,1179,0.087499999,0.094999999,0.094400004,0.053100001,-0.562916934,-0.107189208,-0.282916933,-0.280000001,0.003167873,-0.095675677,-20.3116188,10.55714321,1.605714321,1.116404176,0.992370307
941,Water,7,1180,0.080200002,0.094800003,0.092100002,0.066699997,-0.333943516,-0.062389482,-0.173993841,-0.15994966,0.014446232,-0.057832435,-17.70843697,13.85714245,1.104232311,3.83345747,0.829927742
942,Water,7,1181,0.073700003,0.084899999,0.078199998,0.119400002,0.377371371,0.099435262,0.168869317,0.208502054,0.041079104,0.08858946,-10.95849037,17.54999924,0.524140418,6.24738884,0.876953185
943,Water,7,1182,0.083899997,0.102799997,0.089400001,0.035399999,-0.920391321,-0.143228471,-0.487698972,-0.432692319,0.069719024,-0.129641488,-20.97908783,9.057143211,1.322857141,2.045524597,0.960632563
944,Sparse_Mangrove,5,1183,0.016799999,0.0482,0.020400001,0.290600002,1.584276676,0.524864018,0.71546638,0.868810296,0.405247808,0.499753386,-7.411343098,25.12142944,0.355955839,7.358020782,0.883426547
945,Sparse_Mangrove,5,1184,0.0112,0.0352,0.0148,0.268000007,1.663142443,0.497328728,0.767810047,0.895332396,0.407999992,0.485181421,-8.875629425,21.73571396,0.392404616,7.311926365,0.877531886
946,Sparse_Mangrove,5,1185,0,0.0297,0.0136,0.306199998,1.738108516,0.527093232,0.823161662,0.914946854,0.371824473,0.535374463,-8.709779739,24.75714302,0.662696779,5.780681133,0.978223145
947,Sparse_Mangrove,5,1186,0.0093,0.028200001,0.0146,0.225400001,1.655935884,0.423889011,0.777602494,0.87833333,0.31775701,0.427297294,-9.137331009,21.29285622,0.607345104,6.326958656,0.945951641
948,Sparse_Mangrove,5,1187,0.020300001,0.0449,0.031300001,0.257400006,1.486109972,0.437178552,0.7029441,0.783165932,0.178477675,0.430011421,-9.886461258,20.6428566,0.534020066,5.889824867,0.9443627
949,Sparse_Mangrove,5,1188,0.0136,0.0458,0.023600001,0.310000002,1.601065159,0.530527592,0.742551982,0.858513176,0.319884717,0.51535511,-7.318925858,29.44285774,0.603783488,6.221261978,0.979286492
950,Sparse_Mangrove,5,1189,0.053399999,0.068700001,0.056200001,0.197600007,1.041172147,0.311645955,0.484040558,0.557131588,0.100080058,0.281374365,-7.320604801,35.49285889,0.716018379,5.464114189,0.970751226
